dataset,#TrainingRelease,%Training,%Defective in Training,%Defective in Testing,Classifier,FeatureSelection,Balancing,TP,FP,TN,FN,Precision,Recall,AUC,Kappa
SYNCOPE,1,50,14,14,NaiveBayes,No FS,No Sampling,43.0,37.0,432.0,37.0,0.875706289978678,0.4586087420042643,0.5375,0.5375
SYNCOPE,1,50,14,14,RandomForest,No FS,No Sampling,72.0,5.0,464.0,8.0,0.95863539445629,0.9033882473975609,0.935064935064935,0.9
SYNCOPE,1,50,14,14,IBK,No FS,No Sampling,72.0,5.0,464.0,8.0,0.9446695095948827,0.9033882473975609,0.935064935064935,0.9
SYNCOPE,1,50,14,14,NaiveBayes,No FS,UnderSampling,43.0,53.0,416.0,37.0,0.8667110874200427,0.3919816893089192,0.4479166666666667,0.5375
SYNCOPE,1,50,14,14,RandomForest,No FS,UnderSampling,73.0,65.0,404.0,7.0,0.9551172707889126,0.5950082990102661,0.5289855072463768,0.9125
SYNCOPE,1,50,14,14,IBK,No FS,UnderSampling,74.0,107.0,362.0,6.0,0.8489872068230278,0.45738176665587926,0.4088397790055249,0.925
SYNCOPE,1,50,14,14,NaiveBayes,No FS,OverSampling,54.0,54.0,415.0,26.0,0.8955623667377399,0.4888981985756179,0.5,0.675
SYNCOPE,1,50,14,14,RandomForest,No FS,OverSampling,72.0,29.0,440.0,8.0,0.9574227078891258,0.7558797726207501,0.7128712871287128,0.9
SYNCOPE,1,50,14,14,IBK,No FS,OverSampling,72.0,34.0,435.0,8.0,0.9162846481876332,0.7292200014092116,0.6792452830188679,0.9
SYNCOPE,1,50,14,14,NaiveBayes,No FS,Smote,46.0,46.0,423.0,34.0,0.8829957356076759,0.4489888091534099,0.5,0.575
SYNCOPE,1,50,14,14,RandomForest,No FS,Smote,72.0,5.0,464.0,8.0,0.9631130063965885,0.9033882473975609,0.935064935064935,0.9
SYNCOPE,1,50,14,14,IBK,No FS,Smote,72.0,5.0,464.0,8.0,0.9446695095948827,0.9033882473975609,0.935064935064935,0.9
SYNCOPE,1,50,14,14,NaiveBayes,BF,No Sampling,82.0,73.0,865.0,78.0,0.8601712420042644,0.4403820839099469,0.5290322580645161,0.5125
SYNCOPE,1,50,14,14,RandomForest,BF,No Sampling,111.0,41.0,897.0,49.0,0.9059434968017057,0.6638043655761799,0.7302631578947368,0.69375
SYNCOPE,1,50,14,14,IBK,BF,No Sampling,111.0,41.0,897.0,49.0,0.923101012793177,0.6638043655761799,0.7302631578947368,0.69375
SYNCOPE,1,50,14,14,NaiveBayes,BF,UnderSampling,65.0,87.0,382.0,15.0,0.859728144989339,0.4565833398028103,0.4276315789473684,0.8125
SYNCOPE,1,50,14,14,RandomForest,BF,UnderSampling,74.0,93.0,376.0,6.0,0.9252931769722814,0.5008311673998697,0.4431137724550898,0.925
SYNCOPE,1,50,14,14,IBK,BF,UnderSampling,75.0,107.0,362.0,5.0,0.855477078891258,0.46400739203961006,0.41208791208791207,0.9375
SYNCOPE,1,50,14,14,NaiveBayes,BF,OverSampling,38.0,36.0,433.0,42.0,0.857089552238806,0.4110252248782767,0.5135135135135135,0.475
SYNCOPE,1,50,14,14,RandomForest,BF,OverSampling,55.0,10.0,459.0,25.0,0.9125,0.722346651253522,0.8461538461538461,0.6875
SYNCOPE,1,50,14,14,IBK,BF,OverSampling,57.0,23.0,446.0,23.0,0.8379264392324094,0.663459488272921,0.7125,0.7125
SYNCOPE,1,50,14,14,NaiveBayes,BF,Smote,39.0,57.0,412.0,41.0,0.8589818763326226,0.3379356172474894,0.40625,0.4875
SYNCOPE,1,50,14,14,RandomForest,BF,Smote,72.0,5.0,464.0,8.0,0.9618070362473348,0.9033882473975609,0.935064935064935,0.9
SYNCOPE,1,50,14,14,IBK,BF,Smote,72.0,5.0,464.0,8.0,0.9508528784648188,0.9033882473975609,0.935064935064935,0.9
SYNCOPE,2,66,14,47,NaiveBayes,No FS,No Sampling,68.0,10.0,281.0,191.0,0.8426010694051931,0.23730216770383444,0.8717948717948718,0.2625482625482625
SYNCOPE,2,66,14,47,RandomForest,No FS,No Sampling,75.0,0.0,291.0,184.0,0.8113149968820071,0.30134622022782176,1.0,0.28957528957528955
SYNCOPE,2,66,14,47,IBK,No FS,No Sampling,82.0,3.0,288.0,177.0,0.6545794690124587,0.3180409175449473,0.9647058823529412,0.3166023166023166
SYNCOPE,2,66,14,47,NaiveBayes,No FS,UnderSampling,83.0,15.0,276.0,176.0,0.8357812893895368,0.27843336584561706,0.8469387755102041,0.3204633204633205
SYNCOPE,2,66,14,47,RandomForest,No FS,UnderSampling,128.0,19.0,272.0,131.0,0.7960169300375486,0.4393628443671256,0.8707482993197279,0.4942084942084942
SYNCOPE,2,66,14,47,IBK,No FS,UnderSampling,129.0,22.0,269.0,130.0,0.7217290928631135,0.4323814179601037,0.8543046357615894,0.4980694980694981
SYNCOPE,2,66,14,47,NaiveBayes,No FS,OverSampling,84.0,12.0,279.0,175.0,0.8452745823879845,0.29323401272659805,0.875,0.32432432432432434
SYNCOPE,2,66,14,47,RandomForest,No FS,OverSampling,87.0,5.0,286.0,172.0,0.7035850283272964,0.33044004566900975,0.9456521739130435,0.3359073359073359
SYNCOPE,2,66,14,47,IBK,No FS,OverSampling,90.0,4.0,287.0,169.0,0.6759808409292946,0.34585928584196124,0.9574468085106383,0.3474903474903475
SYNCOPE,2,66,14,47,NaiveBayes,No FS,Smote,78.0,14.0,277.0,181.0,0.8434502248935238,0.26234920285568875,0.8478260869565217,0.30115830115830117
SYNCOPE,2,66,14,47,RandomForest,No FS,Smote,74.0,0.0,291.0,185.0,0.8003688519152437,0.29739397036280024,1.0,0.2857142857142857
SYNCOPE,2,66,14,47,IBK,No FS,Smote,82.0,3.0,288.0,177.0,0.6545794690124587,0.3180409175449473,0.9647058823529412,0.3166023166023166
SYNCOPE,2,66,14,47,NaiveBayes,BF,No Sampling,143.0,23.0,559.0,375.0,0.832102721277979,0.24572381569335525,0.8614457831325302,0.27606177606177607
SYNCOPE,2,66,14,47,RandomForest,BF,No Sampling,150.0,13.0,569.0,368.0,0.8223208480940439,0.2777027120186409,0.9202453987730062,0.28957528957528955
SYNCOPE,2,66,14,47,IBK,BF,No Sampling,157.0,16.0,566.0,361.0,0.7587768180551686,0.28607335178834575,0.9075144508670521,0.3030888030888031
SYNCOPE,2,66,14,47,NaiveBayes,BF,UnderSampling,119.0,26.0,265.0,140.0,0.8443723546816331,0.3792915901828814,0.8206896551724138,0.4594594594594595
SYNCOPE,2,66,14,47,RandomForest,BF,UnderSampling,134.0,23.0,268.0,125.0,0.8277408483594051,0.44803829827630637,0.8535031847133758,0.5173745173745173
SYNCOPE,2,66,14,47,IBK,BF,UnderSampling,132.0,33.0,258.0,127.0,0.7211917366556542,0.4043186895011169,0.8,0.5096525096525096
SYNCOPE,2,66,14,47,NaiveBayes,BF,OverSampling,79.0,13.0,278.0,180.0,0.8414334806087383,0.26991485205716864,0.8586956521739131,0.305019305019305
SYNCOPE,2,66,14,47,RandomForest,BF,OverSampling,72.0,2.0,289.0,187.0,0.7394618477092704,0.28220248864091474,0.972972972972973,0.277992277992278
SYNCOPE,2,66,14,47,IBK,BF,OverSampling,73.0,4.0,287.0,186.0,0.67917844206504,0.27888264763928944,0.948051948051948,0.28185328185328185
SYNCOPE,2,66,14,47,NaiveBayes,BF,Smote,93.0,14.0,277.0,166.0,0.8424551208056362,0.32133210853202077,0.8691588785046729,0.3590733590733591
SYNCOPE,2,66,14,47,RandomForest,BF,Smote,75.0,0.0,291.0,184.0,0.7833127678488503,0.30134622022782176,1.0,0.28957528957528955
SYNCOPE,2,66,14,47,IBK,BF,Smote,82.0,3.0,288.0,177.0,0.7169658612957582,0.3180409175449473,0.9647058823529412,0.3166023166023166
SYNCOPE,3,75,25,30,NaiveBayes,No FS,No Sampling,74.0,33.0,348.0,94.0,0.866063617047869,0.39383427662293646,0.6915887850467289,0.44047619047619047
SYNCOPE,3,75,25,30,RandomForest,No FS,No Sampling,80.0,2.0,379.0,88.0,0.9248843894513186,0.549581578515561,0.975609756097561,0.47619047619047616
SYNCOPE,3,75,25,30,IBK,No FS,No Sampling,80.0,2.0,379.0,88.0,0.9156433570803649,0.549581578515561,0.975609756097561,0.47619047619047616
SYNCOPE,3,75,25,30,NaiveBayes,No FS,UnderSampling,86.0,38.0,343.0,82.0,0.8653996375453068,0.444725396985941,0.6935483870967742,0.5119047619047619
SYNCOPE,3,75,25,30,RandomForest,No FS,UnderSampling,144.0,69.0,312.0,24.0,0.9352893388326459,0.6289489175224018,0.676056338028169,0.8571428571428571
SYNCOPE,3,75,25,30,IBK,No FS,UnderSampling,157.0,100.0,281.0,11.0,0.9186507936507936,0.5853728235798412,0.6108949416342413,0.9345238095238095
SYNCOPE,3,75,25,30,NaiveBayes,No FS,OverSampling,83.0,33.0,348.0,85.0,0.8784448818897638,0.4460236018471009,0.7155172413793104,0.49404761904761907
SYNCOPE,3,75,25,30,RandomForest,No FS,OverSampling,140.0,72.0,309.0,28.0,0.9157605299337582,0.6004017818150057,0.660377358490566,0.8333333333333334
SYNCOPE,3,75,25,30,IBK,No FS,OverSampling,144.0,83.0,298.0,24.0,0.9072459692538433,0.5821472012974542,0.6343612334801763,0.8571428571428571
SYNCOPE,3,75,25,30,NaiveBayes,No FS,Smote,83.0,36.0,345.0,85.0,0.8680789901262342,0.435026662924502,0.6974789915966386,0.49404761904761907
SYNCOPE,3,75,25,30,RandomForest,No FS,Smote,81.0,6.0,375.0,87.0,0.9179321334833146,0.5390428211586903,0.9310344827586207,0.48214285714285715
SYNCOPE,3,75,25,30,IBK,No FS,Smote,80.0,2.0,379.0,88.0,0.9157058492688414,0.549581578515561,0.975609756097561,0.47619047619047616
SYNCOPE,3,75,25,30,NaiveBayes,BF,No Sampling,140.0,57.0,705.0,196.0,0.867204099487564,0.3865650877774097,0.7106598984771574,0.4166666666666667
SYNCOPE,3,75,25,30,RandomForest,BF,No Sampling,146.0,26.0,736.0,190.0,0.8651555274340708,0.4636635006784261,0.8488372093023255,0.43452380952380953
SYNCOPE,3,75,25,30,IBK,BF,No Sampling,146.0,26.0,736.0,190.0,0.8916268278965129,0.4636635006784261,0.8488372093023255,0.43452380952380953
SYNCOPE,3,75,25,30,NaiveBayes,BF,UnderSampling,74.0,37.0,344.0,94.0,0.8587129733783277,0.37933980582524274,0.6666666666666666,0.44047619047619047
SYNCOPE,3,75,25,30,RandomForest,BF,UnderSampling,141.0,78.0,303.0,27.0,0.9115266841644795,0.5849264467630095,0.6438356164383562,0.8392857142857143
SYNCOPE,3,75,25,30,IBK,BF,UnderSampling,160.0,112.0,269.0,8.0,0.8948725159355081,0.5612913536838741,0.5882352941176471,0.9523809523809523
SYNCOPE,3,75,25,30,NaiveBayes,BF,OverSampling,66.0,26.0,355.0,102.0,0.8611814148231471,0.37160639553600167,0.717391304347826,0.39285714285714285
SYNCOPE,3,75,25,30,RandomForest,BF,OverSampling,93.0,27.0,354.0,75.0,0.8713363954505686,0.5246026894865525,0.775,0.5535714285714286
SYNCOPE,3,75,25,30,IBK,BF,OverSampling,109.0,37.0,344.0,59.0,0.8587364079490064,0.5726587205059597,0.7465753424657534,0.6488095238095238
SYNCOPE,3,75,25,30,NaiveBayes,BF,Smote,84.0,31.0,350.0,84.0,0.8710083114610674,0.4591225680433832,0.7304347826086957,0.5
SYNCOPE,3,75,25,30,RandomForest,BF,Smote,80.0,2.0,379.0,88.0,0.920400574928134,0.549581578515561,0.975609756097561,0.47619047619047616
SYNCOPE,3,75,25,30,IBK,BF,Smote,80.0,2.0,379.0,88.0,0.9155808648918885,0.549581578515561,0.975609756097561,0.47619047619047616
SYNCOPE,4,79,26,52,NaiveBayes,No FS,No Sampling,106.0,6.0,258.0,180.0,0.872258423394787,0.339300937766411,0.9464285714285714,0.3706293706293706
SYNCOPE,4,79,26,52,RandomForest,No FS,No Sampling,102.0,9.0,255.0,184.0,0.8996344564526383,0.31453331439124865,0.918918918918919,0.35664335664335667
SYNCOPE,4,79,26,52,IBK,No FS,No Sampling,150.0,15.0,249.0,136.0,0.8443393727484637,0.45955619183965646,0.9090909090909091,0.5244755244755245
SYNCOPE,4,79,26,52,NaiveBayes,No FS,UnderSampling,119.0,6.0,258.0,167.0,0.8603650137741047,0.3843416370106761,0.952,0.4160839160839161
SYNCOPE,4,79,26,52,RandomForest,No FS,UnderSampling,190.0,37.0,227.0,96.0,0.8571466412375504,0.5197168857431749,0.8370044052863436,0.6643356643356644
SYNCOPE,4,79,26,52,IBK,No FS,UnderSampling,206.0,48.0,216.0,80.0,0.8173937804619623,0.5359628770301623,0.8110236220472441,0.7202797202797203
SYNCOPE,4,79,26,52,NaiveBayes,No FS,OverSampling,128.0,8.0,256.0,158.0,0.8786686798050435,0.4083262047333905,0.9411764705882353,0.44755244755244755
SYNCOPE,4,79,26,52,RandomForest,No FS,OverSampling,182.0,22.0,242.0,104.0,0.8866417673235855,0.5465015836452634,0.8921568627450981,0.6363636363636364
SYNCOPE,4,79,26,52,IBK,No FS,OverSampling,190.0,24.0,240.0,96.0,0.8480610298792117,0.5674740484429067,0.8878504672897196,0.6643356643356644
SYNCOPE,4,79,26,52,NaiveBayes,No FS,Smote,115.0,6.0,258.0,171.0,0.8742583174401356,0.3704652155356381,0.9504132231404959,0.4020979020979021
SYNCOPE,4,79,26,52,RandomForest,No FS,Smote,136.0,15.0,249.0,150.0,0.8989060182242,0.4106300900128589,0.9006622516556292,0.4755244755244755
SYNCOPE,4,79,26,52,IBK,No FS,Smote,150.0,15.0,249.0,136.0,0.8449287454969273,0.45955619183965646,0.9090909090909091,0.5244755244755245
SYNCOPE,4,79,26,52,NaiveBayes,BF,No Sampling,193.0,10.0,518.0,379.0,0.855166613689341,0.31013690856210535,0.9507389162561576,0.3374125874125874
SYNCOPE,4,79,26,52,RandomForest,BF,No Sampling,189.0,13.0,515.0,383.0,0.8499185473617292,0.29777273372109525,0.9356435643564357,0.3304195804195804
SYNCOPE,4,79,26,52,IBK,BF,No Sampling,237.0,19.0,509.0,335.0,0.8535441830896376,0.3698376530902877,0.92578125,0.4143356643356643
SYNCOPE,4,79,26,52,NaiveBayes,BF,UnderSampling,98.0,5.0,259.0,188.0,0.8428361411315957,0.31531148006243787,0.9514563106796117,0.34265734265734266
SYNCOPE,4,79,26,52,RandomForest,BF,UnderSampling,189.0,32.0,232.0,97.0,0.8747616020343293,0.5345648722759417,0.8552036199095022,0.6608391608391608
SYNCOPE,4,79,26,52,IBK,BF,UnderSampling,210.0,42.0,222.0,76.0,0.8454121635939817,0.5723398086401854,0.8333333333333334,0.7342657342657343
SYNCOPE,4,79,26,52,NaiveBayes,BF,OverSampling,92.0,5.0,259.0,194.0,0.8466438864166137,0.2946264001134269,0.9484536082474226,0.32167832167832167
SYNCOPE,4,79,26,52,RandomForest,BF,OverSampling,121.0,12.0,252.0,165.0,0.8327638270820089,0.36938862761864055,0.9097744360902256,0.4230769230769231
SYNCOPE,4,79,26,52,IBK,BF,OverSampling,135.0,16.0,248.0,151.0,0.8152879317652045,0.40348621231604526,0.8940397350993378,0.47202797202797203
SYNCOPE,4,79,26,52,NaiveBayes,BF,Smote,98.0,5.0,259.0,188.0,0.8446704810341173,0.31531148006243787,0.9514563106796117,0.34265734265734266
SYNCOPE,4,79,26,52,RandomForest,BF,Smote,130.0,13.0,251.0,156.0,0.8731060606060606,0.3970315398886827,0.9090909090909091,0.45454545454545453
SYNCOPE,4,79,26,52,IBK,BF,Smote,150.0,15.0,249.0,136.0,0.8634112100021191,0.45955619183965646,0.9090909090909091,0.5244755244755245
SYNCOPE,5,83,31,94,NaiveBayes,No FS,No Sampling,128.0,0.0,33.0,390.0,0.9048789048789049,0.037826075276039046,1.0,0.2471042471042471
SYNCOPE,5,83,31,94,RandomForest,No FS,No Sampling,154.0,0.0,33.0,364.0,0.8559143559143559,0.048232792984321045,1.0,0.2972972972972973
SYNCOPE,5,83,31,94,IBK,No FS,No Sampling,154.0,0.0,33.0,364.0,0.8137065637065637,0.048232792984321045,1.0,0.2972972972972973
SYNCOPE,5,83,31,94,NaiveBayes,No FS,UnderSampling,135.0,0.0,33.0,383.0,0.8986778986778987,0.04051049590121075,1.0,0.2606177606177606
SYNCOPE,5,83,31,94,RandomForest,No FS,UnderSampling,238.0,0.0,33.0,280.0,0.7814437814437815,0.09240652281337504,1.0,0.4594594594594595
SYNCOPE,5,83,31,94,IBK,No FS,UnderSampling,262.0,0.0,33.0,256.0,0.7857727857727858,0.10920251597746737,1.0,0.5057915057915058
SYNCOPE,5,83,31,94,NaiveBayes,No FS,OverSampling,131.0,0.0,33.0,387.0,0.9033579033579033,0.03896648233528482,1.0,0.2528957528957529
SYNCOPE,5,83,31,94,RandomForest,No FS,OverSampling,228.0,0.0,33.0,290.0,0.8318708318708319,0.08606824603347098,1.0,0.44015444015444016
SYNCOPE,5,83,31,94,IBK,No FS,OverSampling,237.0,0.0,33.0,281.0,0.8012460512460512,0.09175646583329918,1.0,0.4575289575289575
SYNCOPE,5,83,31,94,NaiveBayes,No FS,Smote,138.0,0.0,33.0,380.0,0.9054639054639054,0.0416864999450771,1.0,0.26640926640926643
SYNCOPE,5,83,31,94,RandomForest,No FS,Smote,173.0,0.0,33.0,345.0,0.8627003627003627,0.056661356835539134,1.0,0.333976833976834
SYNCOPE,5,83,31,94,IBK,No FS,Smote,162.0,0.0,33.0,356.0,0.8137065637065637,0.05169012995049504,1.0,0.3127413127413127
SYNCOPE,5,83,31,94,NaiveBayes,BF,No Sampling,228.0,0.0,66.0,808.0,0.8844185094185094,0.03269484808454425,1.0,0.22007722007722008
SYNCOPE,5,83,31,94,RandomForest,BF,No Sampling,254.0,0.0,66.0,782.0,0.831987831987832,0.03744923443971355,1.0,0.24517374517374518
SYNCOPE,5,83,31,94,IBK,BF,No Sampling,254.0,0.0,66.0,782.0,0.8563457938457939,0.03744923443971355,1.0,0.24517374517374518
SYNCOPE,5,83,31,94,NaiveBayes,BF,UnderSampling,109.0,0.0,33.0,409.0,0.8824733824733825,0.03093488366092891,1.0,0.21042471042471042
SYNCOPE,5,83,31,94,RandomForest,BF,UnderSampling,227.0,0.0,33.0,291.0,0.8422253422253422,0.08545370544651879,1.0,0.43822393822393824
SYNCOPE,5,83,31,94,IBK,BF,UnderSampling,263.0,0.0,33.0,255.0,0.7976190476190477,0.10995610117633649,1.0,0.5077220077220077
SYNCOPE,5,83,31,94,NaiveBayes,BF,OverSampling,99.0,0.0,33.0,419.0,0.8826488826488826,0.0275228198464215,1.0,0.19111969111969113
SYNCOPE,5,83,31,94,RandomForest,BF,OverSampling,156.0,0.0,33.0,362.0,0.7963905463905464,0.04908513620457866,1.0,0.30115830115830117
SYNCOPE,5,83,31,94,IBK,BF,OverSampling,176.0,0.0,33.0,342.0,0.8092020592020592,0.05806316168311185,1.0,0.33976833976833976
SYNCOPE,5,83,31,94,NaiveBayes,BF,Smote,110.0,0.0,33.0,408.0,0.8825026325026325,0.031283934019339175,1.0,0.21235521235521235
SYNCOPE,5,83,31,94,RandomForest,BF,Smote,178.0,0.0,33.0,340.0,0.8261963261963262,0.05900908141123522,1.0,0.3436293436293436
SYNCOPE,5,83,31,94,IBK,BF,Smote,189.0,0.0,33.0,329.0,0.8265473265473265,0.0643809386177246,1.0,0.36486486486486486
SYNCOPE,6,85,42,67,NaiveBayes,No FS,No Sampling,122.0,12.0,169.0,255.0,0.6471562348872313,0.19074208862478406,0.9104477611940298,0.32360742705570295
SYNCOPE,6,85,42,67,RandomForest,No FS,No Sampling,155.0,33.0,148.0,222.0,0.6562129050222021,0.17996980140388885,0.824468085106383,0.41114058355437666
SYNCOPE,6,85,42,67,IBK,No FS,No Sampling,197.0,51.0,130.0,180.0,0.6475079502322787,0.20314296665389045,0.7943548387096774,0.5225464190981433
SYNCOPE,6,85,42,67,NaiveBayes,No FS,UnderSampling,124.0,15.0,166.0,253.0,0.6330876210853349,0.18336409606710283,0.8920863309352518,0.32891246684350134
SYNCOPE,6,85,42,67,RandomForest,No FS,UnderSampling,200.0,52.0,129.0,177.0,0.6495742778844322,0.20619478922061935,0.7936507936507936,0.5305039787798409
SYNCOPE,6,85,42,67,IBK,No FS,UnderSampling,215.0,63.0,118.0,162.0,0.6312337881208142,0.19456241419571724,0.7733812949640287,0.5702917771883289
SYNCOPE,6,85,42,67,NaiveBayes,No FS,OverSampling,133.0,13.0,168.0,244.0,0.6700470419274001,0.21097111416781297,0.910958904109589,0.35278514588859416
SYNCOPE,6,85,42,67,RandomForest,No FS,OverSampling,189.0,53.0,128.0,188.0,0.6524905842871169,0.1746474032430309,0.78099173553719,0.5013262599469496
SYNCOPE,6,85,42,67,IBK,No FS,OverSampling,206.0,63.0,118.0,171.0,0.6259287483330158,0.17171819692721488,0.7657992565055762,0.5464190981432361
SYNCOPE,6,85,42,67,NaiveBayes,No FS,Smote,136.0,16.0,165.0,241.0,0.6452877471166669,0.20583251187878657,0.8947368421052632,0.36074270557029176
SYNCOPE,6,85,42,67,RandomForest,No FS,Smote,197.0,51.0,130.0,180.0,0.65105441329484,0.20314296665389045,0.7943548387096774,0.5225464190981433
SYNCOPE,6,85,42,67,IBK,No FS,Smote,200.0,52.0,129.0,177.0,0.6479402670105661,0.20619478922061935,0.7936507936507936,0.5305039787798409
SYNCOPE,6,85,42,67,NaiveBayes,BF,No Sampling,181.0,20.0,342.0,573.0,0.6121733810103023,0.13227704701365725,0.900497512437811,0.24005305039787797
SYNCOPE,6,85,42,67,RandomForest,BF,No Sampling,214.0,41.0,321.0,540.0,0.59208530562598,0.12556641636457797,0.8392156862745098,0.2838196286472148
SYNCOPE,6,85,42,67,IBK,BF,No Sampling,256.0,59.0,303.0,498.0,0.5978299895950877,0.13422583233052557,0.8126984126984127,0.3395225464190981
SYNCOPE,6,85,42,67,NaiveBayes,BF,UnderSampling,69.0,8.0,173.0,308.0,0.5234183800577399,0.09702264510380285,0.8961038961038961,0.1830238726790451
SYNCOPE,6,85,42,67,RandomForest,BF,UnderSampling,206.0,52.0,129.0,171.0,0.6567697876518604,0.22130439680096106,0.7984496124031008,0.5464190981432361
SYNCOPE,6,85,42,67,IBK,BF,UnderSampling,210.0,63.0,118.0,167.0,0.6446429356507467,0.18180774968442795,0.7692307692307693,0.5570291777188329
SYNCOPE,6,85,42,67,NaiveBayes,BF,OverSampling,56.0,7.0,174.0,321.0,0.5214399812418483,0.07572038905554042,0.8888888888888888,0.14854111405835543
SYNCOPE,6,85,42,67,RandomForest,BF,OverSampling,166.0,40.0,141.0,211.0,0.6382314580066533,0.17608094593799645,0.8058252427184466,0.4403183023872679
SYNCOPE,6,85,42,67,IBK,BF,OverSampling,179.0,56.0,125.0,198.0,0.6337690695663643,0.13738999184448536,0.7617021276595745,0.47480106100795755
SYNCOPE,6,85,42,67,NaiveBayes,BF,Smote,95.0,15.0,166.0,282.0,0.5224218532467723,0.12224187790642242,0.8636363636363636,0.2519893899204244
SYNCOPE,6,85,42,67,RandomForest,BF,Smote,193.0,49.0,132.0,184.0,0.6597300584726761,0.2020449998158764,0.7975206611570248,0.5119363395225465
SYNCOPE,6,85,42,67,IBK,BF,Smote,199.0,51.0,130.0,178.0,0.6556193853774346,0.2081231486186681,0.796,0.5278514588859416
SYNCOPE,7,87,45,66,NaiveBayes,No FS,No Sampling,137.0,9.0,177.0,235.0,0.8302838478436814,0.245360824742268,0.9383561643835616,0.3682795698924731
SYNCOPE,7,87,45,66,RandomForest,No FS,No Sampling,196.0,31.0,155.0,176.0,0.8146606544109145,0.3014623172103487,0.8634361233480177,0.5268817204301075
SYNCOPE,7,87,45,66,IBK,No FS,No Sampling,196.0,32.0,154.0,176.0,0.8016172389871662,0.29729729729729737,0.8596491228070176,0.5268817204301075
SYNCOPE,7,87,45,66,NaiveBayes,No FS,UnderSampling,139.0,9.0,177.0,233.0,0.8281448722395652,0.25,0.9391891891891891,0.3736559139784946
SYNCOPE,7,87,45,66,RandomForest,No FS,UnderSampling,212.0,36.0,150.0,160.0,0.8026216903688288,0.32258064516129037,0.8548387096774194,0.5698924731182796
SYNCOPE,7,87,45,66,IBK,No FS,UnderSampling,223.0,41.0,145.0,149.0,0.7924254249046132,0.33098591549295775,0.8446969696969697,0.5994623655913979
SYNCOPE,7,87,45,66,NaiveBayes,No FS,OverSampling,142.0,12.0,174.0,230.0,0.8051075268817204,0.24532224532224536,0.922077922077922,0.3817204301075269
SYNCOPE,7,87,45,66,RandomForest,No FS,OverSampling,214.0,43.0,143.0,158.0,0.76903399236906,0.29802095459837014,0.8326848249027238,0.5752688172043011
SYNCOPE,7,87,45,66,IBK,No FS,OverSampling,231.0,53.0,133.0,141.0,0.7432723436235403,0.30048076923076933,0.8133802816901409,0.6209677419354839
SYNCOPE,7,87,45,66,NaiveBayes,No FS,Smote,149.0,10.0,176.0,223.0,0.8338247196207654,0.26959247648902823,0.9371069182389937,0.40053763440860213
SYNCOPE,7,87,45,66,RandomForest,No FS,Smote,229.0,42.0,144.0,143.0,0.8038646086252746,0.3431952662721895,0.8450184501845018,0.6155913978494624
SYNCOPE,7,87,45,66,IBK,No FS,Smote,226.0,38.0,148.0,146.0,0.8059891316915251,0.352112676056338,0.8560606060606061,0.6075268817204301
SYNCOPE,7,87,45,66,NaiveBayes,BF,No Sampling,213.0,12.0,360.0,531.0,0.7497868250664816,0.1883408071748879,0.9466666666666667,0.2862903225806452
SYNCOPE,7,87,45,66,RandomForest,BF,No Sampling,272.0,34.0,338.0,472.0,0.7265001734304544,0.2118380062305296,0.8888888888888888,0.3655913978494624
SYNCOPE,7,87,45,66,IBK,BF,No Sampling,272.0,35.0,337.0,472.0,0.730790770609319,0.20987012987012973,0.8859934853420195,0.3655913978494624
SYNCOPE,7,87,45,66,NaiveBayes,BF,UnderSampling,81.0,4.0,182.0,291.0,0.728118857671407,0.14161008729388946,0.9529411764705882,0.21774193548387097
SYNCOPE,7,87,45,66,RandomForest,BF,UnderSampling,226.0,30.0,156.0,146.0,0.8282821713492889,0.38604651162790704,0.8828125,0.6075268817204301
SYNCOPE,7,87,45,66,IBK,BF,UnderSampling,237.0,36.0,150.0,135.0,0.8080124869927159,0.3914590747330962,0.8681318681318682,0.6370967741935484
SYNCOPE,7,87,45,66,NaiveBayes,BF,OverSampling,69.0,2.0,184.0,303.0,0.8201959764134582,0.12440191387559812,0.971830985915493,0.18548387096774194
SYNCOPE,7,87,45,66,RandomForest,BF,OverSampling,211.0,22.0,164.0,161.0,0.8227034917331484,0.37825594563986403,0.9055793991416309,0.5672043010752689
SYNCOPE,7,87,45,66,IBK,BF,OverSampling,209.0,39.0,147.0,163.0,0.76903399236906,0.30184331797235026,0.842741935483871,0.5618279569892473
SYNCOPE,7,87,45,66,NaiveBayes,BF,Smote,93.0,4.0,182.0,279.0,0.721159960689097,0.16683022571148184,0.9587628865979382,0.25
SYNCOPE,7,87,45,66,RandomForest,BF,Smote,229.0,36.0,150.0,143.0,0.8179630593132154,0.36897767332549947,0.8641509433962264,0.6155913978494624
SYNCOPE,7,87,45,66,IBK,BF,Smote,241.0,47.0,139.0,131.0,0.8022459243843219,0.3550724637681159,0.8368055555555556,0.6478494623655914
SYNCOPE,8,85,48,15,NaiveBayes,No FS,No Sampling,55.0,143.0,479.0,58.0,0.6788265088353299,0.1963804892377489,0.2777777777777778,0.48672566371681414
SYNCOPE,8,85,48,15,RandomForest,No FS,No Sampling,87.0,297.0,325.0,26.0,0.6754687989073215,0.1475920161142648,0.2265625,0.7699115044247787
SYNCOPE,8,85,48,15,IBK,No FS,No Sampling,78.0,316.0,306.0,35.0,0.595794326039325,0.09032408207305347,0.19796954314720813,0.6902654867256637
SYNCOPE,8,85,48,15,NaiveBayes,No FS,UnderSampling,57.0,143.0,479.0,56.0,0.678250291665481,0.20875821589894783,0.285,0.504424778761062
SYNCOPE,8,85,48,15,RandomForest,No FS,UnderSampling,91.0,304.0,318.0,22.0,0.6705318271063939,0.15662947449931358,0.23037974683544304,0.8053097345132744
SYNCOPE,8,85,48,15,IBK,No FS,UnderSampling,78.0,322.0,300.0,35.0,0.5956093674415958,0.08463135127592389,0.195,0.6902654867256637
SYNCOPE,8,85,48,15,NaiveBayes,No FS,OverSampling,60.0,155.0,467.0,53.0,0.6767635090914265,0.20577692347654405,0.27906976744186046,0.5309734513274337
SYNCOPE,8,85,48,15,RandomForest,No FS,OverSampling,86.0,302.0,320.0,27.0,0.670674102950801,0.13805886357722597,0.22164948453608246,0.7610619469026548
SYNCOPE,8,85,48,15,IBK,No FS,OverSampling,75.0,325.0,297.0,38.0,0.597010784509006,0.06924700423854449,0.1875,0.6637168141592921
SYNCOPE,8,85,48,15,NaiveBayes,No FS,Smote,63.0,161.0,461.0,50.0,0.6787838260820078,0.21305011899264734,0.28125,0.5575221238938053
SYNCOPE,8,85,48,15,RandomForest,No FS,Smote,108.0,470.0,152.0,5.0,0.6864809492644339,0.0745698555626536,0.18685121107266436,0.9557522123893806
SYNCOPE,8,85,48,15,IBK,No FS,Smote,83.0,387.0,235.0,30.0,0.5882821614546282,0.04899390291201889,0.17659574468085107,0.7345132743362832
SYNCOPE,8,85,48,15,NaiveBayes,BF,No Sampling,96.0,211.0,1033.0,130.0,0.6865485302905273,0.22253104323252892,0.3127035830618892,0.4247787610619469
SYNCOPE,8,85,48,15,RandomForest,BF,No Sampling,128.0,365.0,879.0,98.0,0.6678659334718151,0.18401283308595895,0.25963488843813387,0.5663716814159292
SYNCOPE,8,85,48,15,IBK,BF,No Sampling,119.0,384.0,860.0,107.0,0.6422242694135389,0.1450998135676332,0.23658051689860835,0.5265486725663717
SYNCOPE,8,85,48,15,NaiveBayes,BF,UnderSampling,41.0,68.0,554.0,72.0,0.7128944597786188,0.257232777039903,0.3761467889908257,0.36283185840707965
SYNCOPE,8,85,48,15,RandomForest,BF,UnderSampling,90.0,327.0,295.0,23.0,0.7018823094215064,0.12887561461254018,0.2158273381294964,0.7964601769911505
SYNCOPE,8,85,48,15,IBK,BF,UnderSampling,87.0,338.0,284.0,26.0,0.6595979284637055,0.10635312980158988,0.20470588235294118,0.7699115044247787
SYNCOPE,8,85,48,15,NaiveBayes,BF,OverSampling,37.0,57.0,565.0,76.0,0.717582448851834,0.25321426115919665,0.39361702127659576,0.3274336283185841
SYNCOPE,8,85,48,15,RandomForest,BF,OverSampling,88.0,309.0,313.0,25.0,0.6929189312238568,0.13901826548076657,0.2216624685138539,0.7787610619469026
SYNCOPE,8,85,48,15,IBK,BF,OverSampling,79.0,304.0,318.0,34.0,0.6323521042597388,0.10637333544362992,0.206266318537859,0.6991150442477876
SYNCOPE,8,85,48,15,NaiveBayes,BF,Smote,47.0,86.0,536.0,66.0,0.7229106792248812,0.25891530460624074,0.3533834586466165,0.415929203539823
SYNCOPE,8,85,48,15,RandomForest,BF,Smote,92.0,362.0,260.0,21.0,0.68680106991435,0.10388965464552538,0.2026431718061674,0.8141592920353983
SYNCOPE,8,85,48,15,IBK,BF,Smote,96.0,443.0,179.0,17.0,0.6611629627521839,0.05401700027419805,0.17810760667903525,0.8495575221238938
SYNCOPE,9,90,43,0,NaiveBayes,No FS,No Sampling,0.0,140.0,417.0,0.0,NaN,0.0,0.0,NaN
SYNCOPE,9,90,43,0,RandomForest,No FS,No Sampling,0.0,224.0,333.0,0.0,NaN,0.0,0.0,NaN
SYNCOPE,9,90,43,0,IBK,No FS,No Sampling,0.0,237.0,320.0,0.0,NaN,0.0,0.0,NaN
SYNCOPE,9,90,43,0,NaiveBayes,No FS,UnderSampling,0.0,148.0,409.0,0.0,NaN,0.0,0.0,NaN
SYNCOPE,9,90,43,0,RandomForest,No FS,UnderSampling,0.0,260.0,297.0,0.0,NaN,0.0,0.0,NaN
SYNCOPE,9,90,43,0,IBK,No FS,UnderSampling,0.0,292.0,265.0,0.0,NaN,0.0,0.0,NaN
SYNCOPE,9,90,43,0,NaiveBayes,No FS,OverSampling,0.0,138.0,419.0,0.0,NaN,0.0,0.0,NaN
SYNCOPE,9,90,43,0,RandomForest,No FS,OverSampling,0.0,254.0,303.0,0.0,NaN,0.0,0.0,NaN
SYNCOPE,9,90,43,0,IBK,No FS,OverSampling,0.0,288.0,269.0,0.0,NaN,0.0,0.0,NaN
SYNCOPE,9,90,43,0,NaiveBayes,No FS,Smote,0.0,159.0,398.0,0.0,NaN,0.0,0.0,NaN
SYNCOPE,9,90,43,0,RandomForest,No FS,Smote,0.0,290.0,267.0,0.0,NaN,0.0,0.0,NaN
SYNCOPE,9,90,43,0,IBK,No FS,Smote,0.0,294.0,263.0,0.0,NaN,0.0,0.0,NaN
SYNCOPE,9,90,43,0,NaiveBayes,BF,No Sampling,0.0,237.0,877.0,0.0,NaN,0.0,0.0,NaN
SYNCOPE,9,90,43,0,RandomForest,BF,No Sampling,0.0,321.0,793.0,0.0,NaN,0.0,0.0,NaN
SYNCOPE,9,90,43,0,IBK,BF,No Sampling,0.0,334.0,780.0,0.0,NaN,0.0,0.0,NaN
SYNCOPE,9,90,43,0,NaiveBayes,BF,UnderSampling,0.0,112.0,445.0,0.0,NaN,0.0,0.0,NaN
SYNCOPE,9,90,43,0,RandomForest,BF,UnderSampling,0.0,244.0,313.0,0.0,NaN,0.0,0.0,NaN
SYNCOPE,9,90,43,0,IBK,BF,UnderSampling,0.0,244.0,313.0,0.0,NaN,0.0,0.0,NaN
SYNCOPE,9,90,43,0,NaiveBayes,BF,OverSampling,0.0,95.0,462.0,0.0,NaN,0.0,0.0,NaN
SYNCOPE,9,90,43,0,RandomForest,BF,OverSampling,0.0,219.0,338.0,0.0,NaN,0.0,0.0,NaN
SYNCOPE,9,90,43,0,IBK,BF,OverSampling,0.0,218.0,339.0,0.0,NaN,0.0,0.0,NaN
SYNCOPE,9,90,43,0,NaiveBayes,BF,Smote,0.0,141.0,416.0,0.0,NaN,0.0,0.0,NaN
SYNCOPE,9,90,43,0,RandomForest,BF,Smote,0.0,336.0,221.0,0.0,NaN,0.0,0.0,NaN
SYNCOPE,9,90,43,0,IBK,BF,Smote,0.0,411.0,146.0,0.0,NaN,0.0,0.0,NaN
SYNCOPE,10,88,39,1,NaiveBayes,No FS,No Sampling,4.0,165.0,563.0,4.0,0.7393543956043956,0.02495923742631362,0.023668639053254437,0.5
SYNCOPE,10,88,39,1,RandomForest,No FS,No Sampling,5.0,215.0,513.0,3.0,0.7261332417582418,0.023373587845734355,0.022727272727272728,0.625
SYNCOPE,10,88,39,1,IBK,No FS,No Sampling,6.0,263.0,465.0,2.0,0.6940247252747253,0.02268900825783691,0.022304832713754646,0.75
SYNCOPE,10,88,39,1,NaiveBayes,No FS,UnderSampling,4.0,182.0,546.0,4.0,0.7558379120879121,0.020828564888990576,0.021505376344086023,0.5
SYNCOPE,10,88,39,1,RandomForest,No FS,UnderSampling,7.0,327.0,401.0,1.0,0.7903502747252747,0.020132484738277754,0.020958083832335328,0.875
SYNCOPE,10,88,39,1,IBK,No FS,UnderSampling,6.0,342.0,386.0,2.0,0.6649210164835165,0.012727726478662433,0.017241379310344827,0.75
SYNCOPE,10,88,39,1,NaiveBayes,No FS,OverSampling,4.0,192.0,536.0,4.0,0.7448489010989011,0.018720069656073268,0.02040816326530612,0.5
SYNCOPE,10,88,39,1,RandomForest,No FS,OverSampling,5.0,311.0,417.0,3.0,0.7745535714285714,0.009871126953660764,0.015822784810126583,0.625
SYNCOPE,10,88,39,1,IBK,No FS,OverSampling,5.0,323.0,405.0,3.0,0.7044127747252747,0.008725542041248006,0.01524390243902439,0.625
SYNCOPE,10,88,39,1,NaiveBayes,No FS,Smote,4.0,190.0,538.0,4.0,0.7287087912087912,0.019125082435700002,0.020618556701030927,0.5
SYNCOPE,10,88,39,1,RandomForest,No FS,Smote,6.0,298.0,430.0,2.0,0.7154876373626373,0.017653758542141067,0.019736842105263157,0.75
SYNCOPE,10,88,39,1,IBK,No FS,Smote,6.0,309.0,419.0,2.0,0.693595467032967,0.016296500034380965,0.01904761904761905,0.75
SYNCOPE,10,88,39,1,NaiveBayes,BF,No Sampling,8.0,258.0,1198.0,8.0,0.7141998626373627,0.03699039823705296,0.03007518796992481,0.5
SYNCOPE,10,88,39,1,RandomForest,BF,No Sampling,9.0,308.0,1148.0,7.0,0.7093921703296703,0.03406439570695265,0.028391167192429023,0.5625
SYNCOPE,10,88,39,1,IBK,BF,No Sampling,10.0,356.0,1100.0,6.0,0.6982743818681318,0.032198070440543985,0.0273224043715847,0.625
SYNCOPE,10,88,39,1,NaiveBayes,BF,UnderSampling,4.0,122.0,606.0,4.0,0.720467032967033,0.04007949652202681,0.031746031746031744,0.5
SYNCOPE,10,88,39,1,RandomForest,BF,UnderSampling,7.0,384.0,344.0,1.0,0.7073317307692307,0.014084507042253452,0.017902813299232736,0.875
SYNCOPE,10,88,39,1,IBK,BF,UnderSampling,7.0,384.0,344.0,1.0,0.704842032967033,0.014084507042253452,0.017902813299232736,0.875
SYNCOPE,10,88,39,1,NaiveBayes,BF,OverSampling,4.0,85.0,643.0,4.0,0.7121394230769231,0.06380059455751225,0.0449438202247191,0.5
SYNCOPE,10,88,39,1,RandomForest,BF,OverSampling,4.0,274.0,454.0,4.0,0.7203811813186813,0.00698866283584416,0.014388489208633094,0.5
SYNCOPE,10,88,39,1,IBK,BF,OverSampling,3.0,221.0,507.0,5.0,0.7096497252747253,0.004977029096477887,0.013392857142857142,0.375
SYNCOPE,10,88,39,1,NaiveBayes,BF,Smote,4.0,164.0,564.0,4.0,0.6989182692307693,0.025227043390514518,0.023809523809523808,0.5
SYNCOPE,10,88,39,1,RandomForest,BF,Smote,7.0,384.0,344.0,1.0,0.7379807692307693,0.014084507042253452,0.017902813299232736,0.875
SYNCOPE,10,88,39,1,IBK,BF,Smote,7.0,466.0,262.0,1.0,0.7149725274725275,0.007897289059252698,0.014799154334038054,0.875
SYNCOPE,11,89,35,0,NaiveBayes,No FS,No Sampling,0.0,139.0,599.0,2.0,0.42140921409214094,-0.005357280505665907,0.0,0.0
SYNCOPE,11,89,35,0,RandomForest,No FS,No Sampling,0.0,129.0,609.0,2.0,0.6429539295392954,-0.005351364805442455,0.0,0.0
SYNCOPE,11,89,35,0,IBK,No FS,No Sampling,1.0,195.0,543.0,1.0,0.5613143631436315,0.004775758906516192,0.00510204081632653,0.5
SYNCOPE,11,89,35,0,NaiveBayes,No FS,UnderSampling,0.0,158.0,580.0,2.0,0.42073170731707316,-0.005366483255213473,0.0,0.0
SYNCOPE,11,89,35,0,RandomForest,No FS,UnderSampling,1.0,310.0,428.0,1.0,0.6446476964769647,0.0010244122651663218,0.003215434083601286,0.5
SYNCOPE,11,89,35,0,IBK,No FS,UnderSampling,1.0,345.0,393.0,1.0,0.5582655826558266,3.748008870287814E-4,0.002890173410404624,0.5
SYNCOPE,11,89,35,0,NaiveBayes,No FS,OverSampling,0.0,177.0,561.0,2.0,0.49796747967479676,-0.005373732467059257,0.0,0.0
SYNCOPE,11,89,35,0,RandomForest,No FS,OverSampling,1.0,285.0,453.0,1.0,0.6558265582655827,0.0015850851039739566,0.0034965034965034965,0.5
SYNCOPE,11,89,35,0,IBK,No FS,OverSampling,1.0,306.0,432.0,1.0,0.6449864498644986,0.0011080234971331544,0.003257328990228013,0.5
SYNCOPE,11,89,35,0,NaiveBayes,No FS,Smote,0.0,162.0,576.0,2.0,0.48577235772357724,-0.005368148982702221,0.0,0.0
SYNCOPE,11,89,35,0,RandomForest,No FS,Smote,1.0,256.0,482.0,1.0,0.7208672086720868,0.002371060472533366,0.0038910505836575876,0.5
SYNCOPE,11,89,35,0,IBK,No FS,Smote,1.0,298.0,440.0,1.0,0.5606368563685636,0.0012819123966344786,0.0033444816053511705,0.5
SYNCOPE,11,89,35,0,NaiveBayes,BF,No Sampling,0.0,145.0,1331.0,4.0,0.3949017615176152,-0.005288110867979446,0.0,0.0
SYNCOPE,11,89,35,0,RandomForest,BF,No Sampling,0.0,135.0,1341.0,4.0,0.4902608401084011,-0.005277560594214225,0.0,0.0
SYNCOPE,11,89,35,0,IBK,BF,No Sampling,1.0,201.0,1275.0,3.0,0.49254742547425473,0.004431782209559768,0.0049504950495049506,0.25
SYNCOPE,11,89,35,0,NaiveBayes,BF,UnderSampling,1.0,427.0,311.0,1.0,0.38482384823848237,-7.330451707489521E-4,0.002336448598130841,0.5
SYNCOPE,11,89,35,0,RandomForest,BF,UnderSampling,0.0,376.0,362.0,2.0,0.26558265582655827,-0.0054058716968111145,0.0,0.0
SYNCOPE,11,89,35,0,IBK,BF,UnderSampling,1.0,351.0,387.0,1.0,0.4268292682926829,2.763363935029774E-4,0.002840909090909091,0.5
SYNCOPE,11,89,35,0,NaiveBayes,BF,OverSampling,0.0,0.0,738.0,2.0,0.3838075880758808,0.0,NaN,0.0
SYNCOPE,11,89,35,0,RandomForest,BF,OverSampling,0.0,156.0,582.0,2.0,0.3787262872628726,-0.005365618765907642,0.0,0.0
SYNCOPE,11,89,35,0,IBK,BF,OverSampling,0.0,203.0,535.0,2.0,0.34112466124661245,-0.005381475001325356,0.0,0.0
SYNCOPE,11,89,35,0,NaiveBayes,BF,Smote,1.0,461.0,277.0,1.0,0.38482384823848237,-0.0010775609641828548,0.0021645021645021645,0.5
SYNCOPE,11,89,35,0,RandomForest,BF,Smote,1.0,324.0,414.0,1.0,0.38550135501355015,7.478810038225021E-4,0.003076923076923077,0.5
SYNCOPE,11,89,35,0,IBK,BF,Smote,1.0,289.0,449.0,1.0,0.43224932249322495,0.001488926112041751,0.0034482758620689655,0.5
SYNCOPE,12,90,31,61,NaiveBayes,No FS,No Sampling,109.0,13.0,275.0,346.0,0.7656440781440782,0.1603885536574848,0.8934426229508197,0.23956043956043957
SYNCOPE,12,90,31,61,RandomForest,No FS,No Sampling,67.0,4.0,284.0,388.0,0.7183989621489622,0.107146360604277,0.9436619718309859,0.14725274725274726
SYNCOPE,12,90,31,61,IBK,No FS,No Sampling,105.0,25.0,263.0,350.0,0.6650221306471307,0.1192647500434638,0.8076923076923077,0.23076923076923078
SYNCOPE,12,90,31,61,NaiveBayes,No FS,UnderSampling,143.0,20.0,268.0,312.0,0.7615613553113553,0.2064315219209635,0.8773006134969326,0.3142857142857143
SYNCOPE,12,90,31,61,RandomForest,No FS,UnderSampling,235.0,58.0,230.0,220.0,0.724290293040293,0.2856115157677754,0.8020477815699659,0.5164835164835165
SYNCOPE,12,90,31,61,IBK,No FS,UnderSampling,242.0,87.0,201.0,213.0,0.656291971916972,0.21270688960942635,0.7355623100303952,0.5318681318681319
SYNCOPE,12,90,31,61,NaiveBayes,No FS,OverSampling,142.0,23.0,265.0,313.0,0.7493589743589744,0.19600656983672016,0.8606060606060606,0.3120879120879121
SYNCOPE,12,90,31,61,RandomForest,No FS,OverSampling,228.0,56.0,232.0,227.0,0.7017857142857142,0.27652363601330876,0.8028169014084507,0.5010989010989011
SYNCOPE,12,90,31,61,IBK,No FS,OverSampling,233.0,73.0,215.0,222.0,0.6546703296703297,0.23619072842143413,0.761437908496732,0.512087912087912
SYNCOPE,12,90,31,61,NaiveBayes,No FS,Smote,131.0,18.0,270.0,324.0,0.7529227716727717,0.1886315305477327,0.8791946308724832,0.2879120879120879
SYNCOPE,12,90,31,61,RandomForest,No FS,Smote,175.0,45.0,243.0,280.0,0.71626221001221,0.19862274952294035,0.7954545454545454,0.38461538461538464
SYNCOPE,12,90,31,61,IBK,No FS,Smote,163.0,53.0,235.0,292.0,0.6473328754578754,0.15118893484286056,0.7546296296296297,0.35824175824175825
SYNCOPE,12,90,31,61,NaiveBayes,BF,No Sampling,109.0,13.0,563.0,801.0,0.7333753052503053,0.07770268209516955,0.8934426229508197,0.11978021978021978
SYNCOPE,12,90,31,61,RandomForest,BF,No Sampling,67.0,4.0,572.0,843.0,0.7733077686202686,0.052616921055048095,0.9436619718309859,0.07362637362637363
SYNCOPE,12,90,31,61,IBK,BF,No Sampling,105.0,25.0,551.0,805.0,0.7224177731990232,0.057654105925858005,0.8076923076923077,0.11538461538461539
SYNCOPE,12,90,31,61,NaiveBayes,BF,UnderSampling,354.0,78.0,210.0,101.0,0.8368093711843712,0.49986274119005264,0.8194444444444444,0.778021978021978
SYNCOPE,12,90,31,61,RandomForest,BF,UnderSampling,300.0,72.0,216.0,155.0,0.7740346459096459,0.3887787606771013,0.8064516129032258,0.6593406593406593
SYNCOPE,12,90,31,61,IBK,BF,UnderSampling,261.0,80.0,208.0,194.0,0.6763431013431014,0.275813003792002,0.7653958944281525,0.5736263736263736
SYNCOPE,12,90,31,61,NaiveBayes,BF,OverSampling,0.0,0.0,288.0,455.0,0.8367788461538461,0.0,NaN,0.0
SYNCOPE,12,90,31,61,RandomForest,BF,OverSampling,96.0,10.0,278.0,359.0,0.7566048534798535,0.1441989243451959,0.9056603773584906,0.210989010989011
SYNCOPE,12,90,31,61,IBK,BF,OverSampling,128.0,30.0,258.0,327.0,0.6219703907203907,0.14896095020838754,0.810126582278481,0.2813186813186813
SYNCOPE,12,90,31,61,NaiveBayes,BF,Smote,335.0,67.0,221.0,120.0,0.8368131868131868,0.48717201058572107,0.8333333333333334,0.7362637362637363
SYNCOPE,12,90,31,61,RandomForest,BF,Smote,212.0,44.0,244.0,243.0,0.7477945665445666,0.27791529665134956,0.828125,0.46593406593406594
SYNCOPE,12,90,31,61,IBK,BF,Smote,158.0,47.0,241.0,297.0,0.6348557692307693,0.15876641542968112,0.7707317073170732,0.34725274725274724
SYNCOPE,13,91,34,52,NaiveBayes,No FS,No Sampling,125.0,15.0,337.0,271.0,0.8606017561983471,0.2624393203883496,0.8928571428571429,0.31565656565656564
SYNCOPE,13,91,34,52,RandomForest,No FS,No Sampling,108.0,8.0,344.0,288.0,0.8777548209366391,0.23941958887545342,0.9310344827586207,0.2727272727272727
SYNCOPE,13,91,34,52,IBK,No FS,No Sampling,154.0,22.0,330.0,242.0,0.8459416609274564,0.31543624161073835,0.875,0.3888888888888889
SYNCOPE,13,91,34,52,NaiveBayes,No FS,UnderSampling,162.0,20.0,332.0,234.0,0.8590736914600551,0.34076335877862596,0.8901098901098901,0.4090909090909091
SYNCOPE,13,91,34,52,RandomForest,No FS,UnderSampling,289.0,67.0,285.0,107.0,0.8631915748393021,0.5360727728983687,0.8117977528089888,0.7297979797979798
SYNCOPE,13,91,34,52,IBK,No FS,UnderSampling,307.0,91.0,261.0,89.0,0.8200040174471993,0.5168929586359332,0.7713567839195979,0.7752525252525253
SYNCOPE,13,91,34,52,NaiveBayes,No FS,OverSampling,145.0,16.0,336.0,251.0,0.8519714187327824,0.30923755897123734,0.9006211180124224,0.3661616161616162
SYNCOPE,13,91,34,52,RandomForest,No FS,OverSampling,258.0,56.0,296.0,138.0,0.8444028351698806,0.48613275163602354,0.821656050955414,0.6515151515151515
SYNCOPE,13,91,34,52,IBK,No FS,OverSampling,273.0,87.0,265.0,123.0,0.7960715105601469,0.4397363465160075,0.7583333333333333,0.6893939393939394
SYNCOPE,13,91,34,52,NaiveBayes,No FS,Smote,147.0,19.0,333.0,249.0,0.8511751033057852,0.3061224489795919,0.8855421686746988,0.3712121212121212
SYNCOPE,13,91,34,52,RandomForest,No FS,Smote,209.0,47.0,305.0,187.0,0.8544536271808999,0.3857319332921556,0.81640625,0.5277777777777778
SYNCOPE,13,91,34,52,IBK,No FS,Smote,233.0,66.0,286.0,163.0,0.8089811466942148,0.39483911083475826,0.7792642140468228,0.5883838383838383
SYNCOPE,13,91,34,52,NaiveBayes,BF,No Sampling,125.0,15.0,689.0,667.0,0.759852609905877,0.1298408886220353,0.8928571428571429,0.15782828282828282
SYNCOPE,13,91,34,52,RandomForest,BF,No Sampling,108.0,8.0,696.0,684.0,0.8114050662878788,0.11866946359005107,0.9310344827586207,0.13636363636363635
SYNCOPE,13,91,34,52,IBK,BF,No Sampling,154.0,22.0,682.0,638.0,0.7926028753443526,0.15562913907284773,0.875,0.19444444444444445
SYNCOPE,13,91,34,52,NaiveBayes,BF,UnderSampling,303.0,134.0,218.0,93.0,0.7489346590909091,0.3869737887212073,0.6933638443935927,0.7651515151515151
SYNCOPE,13,91,34,52,RandomForest,BF,UnderSampling,289.0,106.0,246.0,107.0,0.7786530073461891,0.42859397191099885,0.7316455696202532,0.7297979797979798
SYNCOPE,13,91,34,52,IBK,BF,UnderSampling,294.0,81.0,271.0,102.0,0.8164313590449954,0.5106182161396885,0.784,0.7424242424242424
SYNCOPE,13,91,34,52,NaiveBayes,BF,OverSampling,0.0,0.0,352.0,396.0,0.7489059630394858,0.0,NaN,0.0
SYNCOPE,13,91,34,52,RandomForest,BF,OverSampling,108.0,27.0,325.0,288.0,0.7638494318181818,0.18826739427012273,0.8,0.2727272727272727
SYNCOPE,13,91,34,52,IBK,BF,OverSampling,172.0,36.0,316.0,224.0,0.7805577077594124,0.32250153280196214,0.8269230769230769,0.43434343434343436
SYNCOPE,13,91,34,52,NaiveBayes,BF,Smote,314.0,143.0,209.0,82.0,0.7488772669880625,0.3904382470119523,0.687089715536105,0.7929292929292929
SYNCOPE,13,91,34,52,RandomForest,BF,Smote,228.0,71.0,281.0,168.0,0.7808518422865014,0.3684128711332194,0.7625418060200669,0.5757575757575758
SYNCOPE,13,91,34,52,IBK,BF,Smote,227.0,59.0,293.0,169.0,0.7882877066115702,0.3986968662736581,0.7937062937062938,0.5732323232323232
SYNCOPE,14,91,35,70,NaiveBayes,No FS,No Sampling,156.0,3.0,224.0,378.0,0.8622151825636457,0.18911458464429848,0.9811320754716981,0.29213483146067415
SYNCOPE,14,91,35,70,RandomForest,No FS,No Sampling,168.0,3.0,224.0,366.0,0.8920209869821314,0.20647852219839105,0.9824561403508771,0.3146067415730337
SYNCOPE,14,91,35,70,IBK,No FS,No Sampling,211.0,6.0,221.0,323.0,0.8573066706264746,0.26308957925564014,0.9723502304147466,0.3951310861423221
SYNCOPE,14,91,35,70,NaiveBayes,No FS,UnderSampling,184.0,6.0,221.0,350.0,0.8552690194525565,0.22160416499063343,0.968421052631579,0.3445692883895131
SYNCOPE,14,91,35,70,RandomForest,No FS,UnderSampling,351.0,19.0,208.0,183.0,0.886271015855731,0.47496447893327504,0.9486486486486486,0.6573033707865169
SYNCOPE,14,91,35,70,IBK,No FS,UnderSampling,386.0,33.0,194.0,148.0,0.8578511442195054,0.5040667384361689,0.9212410501193318,0.7228464419475655
SYNCOPE,14,91,35,70,NaiveBayes,No FS,OverSampling,176.0,5.0,222.0,358.0,0.8555082578494942,0.21254992061161834,0.9723756906077348,0.3295880149812734
SYNCOPE,14,91,35,70,RandomForest,No FS,OverSampling,331.0,17.0,210.0,203.0,0.8683693840848719,0.4410725851144096,0.9511494252873564,0.6198501872659176
SYNCOPE,14,91,35,70,IBK,No FS,OverSampling,345.0,29.0,198.0,189.0,0.8319845237505981,0.4309909588552456,0.9224598930481284,0.6460674157303371
SYNCOPE,14,91,35,70,NaiveBayes,No FS,Smote,187.0,7.0,220.0,347.0,0.8558052434456929,0.22323652887986722,0.9639175257731959,0.350187265917603
SYNCOPE,14,91,35,70,RandomForest,No FS,Smote,319.0,20.0,207.0,215.0,0.8794320975432691,0.4084207462099035,0.9410029498525073,0.5973782771535581
SYNCOPE,14,91,35,70,IBK,No FS,Smote,297.0,30.0,197.0,237.0,0.8230213334653269,0.33595764498259734,0.908256880733945,0.5561797752808989
SYNCOPE,14,91,35,70,NaiveBayes,BF,No Sampling,240.0,3.0,451.0,828.0,0.7513941823821545,0.14327227503464762,0.9876543209876543,0.2247191011235955
SYNCOPE,14,91,35,70,RandomForest,BF,No Sampling,252.0,3.0,451.0,816.0,0.8431709812074114,0.151408580146311,0.9882352941176471,0.23595505617977527
SYNCOPE,14,91,35,70,IBK,BF,No Sampling,295.0,6.0,448.0,773.0,0.8244938870464782,0.1770300454923432,0.9800664451827242,0.2762172284644195
SYNCOPE,14,91,35,70,NaiveBayes,BF,UnderSampling,127.0,0.0,227.0,407.0,0.7806596380075567,0.15694162799243305,1.0,0.23782771535580524
SYNCOPE,14,91,35,70,RandomForest,BF,UnderSampling,368.0,36.0,191.0,166.0,0.8221963734758864,0.45555453238225446,0.9108910891089109,0.6891385767790262
SYNCOPE,14,91,35,70,IBK,BF,UnderSampling,368.0,36.0,191.0,166.0,0.8209506838918312,0.45555453238225446,0.9108910891089109,0.6891385767790262
SYNCOPE,14,91,35,70,NaiveBayes,BF,OverSampling,84.0,0.0,227.0,450.0,0.8083535448530746,0.1002033705916665,1.0,0.15730337078651685
SYNCOPE,14,91,35,70,RandomForest,BF,OverSampling,172.0,5.0,222.0,362.0,0.8158111831576168,0.20664990696947738,0.9717514124293786,0.32209737827715357
SYNCOPE,14,91,35,70,IBK,BF,OverSampling,148.0,4.0,223.0,386.0,0.8172631127390322,0.1749186844958438,0.9736842105263158,0.27715355805243447
SYNCOPE,14,91,35,70,NaiveBayes,BF,Smote,140.0,0.0,227.0,394.0,0.8014073817419856,0.1749065752323924,1.0,0.26217228464419473
SYNCOPE,14,91,35,70,RandomForest,BF,Smote,368.0,36.0,191.0,166.0,0.820843439093204,0.45555453238225446,0.9108910891089109,0.6891385767790262
SYNCOPE,14,91,35,70,IBK,BF,Smote,368.0,36.0,191.0,166.0,0.8234750614595192,0.45555453238225446,0.9108910891089109,0.6891385767790262
SYNCOPE,15,92,38,54,NaiveBayes,No FS,No Sampling,162.0,9.0,334.0,256.0,0.8825658766582505,0.33939457469216067,0.9473684210526315,0.3875598086124402
SYNCOPE,15,92,38,54,RandomForest,No FS,No Sampling,225.0,18.0,325.0,193.0,0.8944299524321007,0.4645366538501298,0.9259259259259259,0.5382775119617225
SYNCOPE,15,92,38,54,IBK,No FS,No Sampling,291.0,50.0,293.0,127.0,0.8707296999455968,0.5395336435083739,0.8533724340175953,0.6961722488038278
SYNCOPE,15,92,38,54,NaiveBayes,No FS,UnderSampling,188.0,16.0,327.0,230.0,0.8823845327604726,0.38174624667269924,0.9215686274509803,0.44976076555023925
SYNCOPE,15,92,38,54,RandomForest,No FS,UnderSampling,345.0,69.0,274.0,73.0,0.8860323350119268,0.6235403138151111,0.8333333333333334,0.8253588516746412
SYNCOPE,15,92,38,54,IBK,No FS,UnderSampling,361.0,95.0,248.0,57.0,0.8493311200078117,0.592557890509972,0.7916666666666666,0.8636363636363636
SYNCOPE,15,92,38,54,NaiveBayes,No FS,OverSampling,185.0,16.0,327.0,233.0,0.8685954217640577,0.3746712295766328,0.9203980099502488,0.44258373205741625
SYNCOPE,15,92,38,54,RandomForest,No FS,OverSampling,320.0,65.0,278.0,98.0,0.861669479822004,0.5711164049885382,0.8311688311688312,0.7655502392344498
SYNCOPE,15,92,38,54,IBK,No FS,OverSampling,323.0,89.0,254.0,95.0,0.8153151896438685,0.5124478582719936,0.7839805825242718,0.7727272727272727
SYNCOPE,15,92,38,54,NaiveBayes,No FS,Smote,192.0,15.0,328.0,226.0,0.8810872264148312,0.3938619771096562,0.927536231884058,0.45933014354066987
SYNCOPE,15,92,38,54,RandomForest,No FS,Smote,354.0,79.0,264.0,64.0,0.8771674083167101,0.618997769787447,0.8175519630484989,0.84688995215311
SYNCOPE,15,92,38,54,IBK,No FS,Smote,367.0,84.0,259.0,51.0,0.8633922468508934,0.6386044400980747,0.8137472283813747,0.8779904306220095
SYNCOPE,15,92,38,54,NaiveBayes,BF,No Sampling,343.0,88.0,598.0,493.0,0.7668414426604545,0.2678221010778792,0.7958236658932715,0.4102870813397129
SYNCOPE,15,92,38,54,RandomForest,BF,No Sampling,406.0,97.0,589.0,430.0,0.7962139230264902,0.32988064584583043,0.8071570576540755,0.48564593301435405
SYNCOPE,15,92,38,54,IBK,BF,No Sampling,472.0,129.0,557.0,364.0,0.792737002524865,0.3653194523625451,0.7853577371048253,0.5645933014354066
SYNCOPE,15,92,38,54,NaiveBayes,BF,UnderSampling,315.0,144.0,199.0,103.0,0.6920501625120314,0.3373814215663811,0.6862745098039216,0.7535885167464115
SYNCOPE,15,92,38,54,RandomForest,BF,UnderSampling,301.0,104.0,239.0,117.0,0.7746871817763332,0.41547599601005125,0.7432098765432099,0.7200956937799043
SYNCOPE,15,92,38,54,IBK,BF,UnderSampling,349.0,93.0,250.0,69.0,0.8508655683736243,0.5673526397798897,0.7895927601809954,0.8349282296650717
SYNCOPE,15,92,38,54,NaiveBayes,BF,OverSampling,174.0,77.0,266.0,244.0,0.693068478245707,0.18375195891376772,0.6932270916334662,0.41626794258373206
SYNCOPE,15,92,38,54,RandomForest,BF,OverSampling,165.0,49.0,294.0,253.0,0.776521545050009,0.23912093442101925,0.7710280373831776,0.39473684210526316
SYNCOPE,15,92,38,54,IBK,BF,OverSampling,238.0,51.0,292.0,180.0,0.8214041597500245,0.4069589741686711,0.8235294117647058,0.569377990430622
SYNCOPE,15,92,38,54,NaiveBayes,BF,Smote,338.0,167.0,176.0,80.0,0.6916491135073305,0.329223511274949,0.6693069306930693,0.8086124401913876
SYNCOPE,15,92,38,54,RandomForest,BF,Smote,286.0,96.0,247.0,132.0,0.785728235244884,0.40055554020065776,0.7486910994764397,0.6842105263157895
SYNCOPE,15,92,38,54,IBK,BF,Smote,363.0,87.0,256.0,55.0,0.8662065646490995,0.6199656758619719,0.8066666666666666,0.868421052631579
SYNCOPE,16,93,39,59,NaiveBayes,No FS,No Sampling,176.0,7.0,303.0,277.0,0.9095207576728619,0.3217140889598397,0.9617486338797814,0.38852097130242824
SYNCOPE,16,93,39,59,RandomForest,No FS,No Sampling,279.0,12.0,298.0,174.0,0.910539058605711,0.5332043969923626,0.9587628865979382,0.6158940397350994
SYNCOPE,16,93,39,59,IBK,No FS,No Sampling,319.0,21.0,289.0,134.0,0.8971160008545183,0.601826819159717,0.9382352941176471,0.7041942604856513
SYNCOPE,16,93,39,59,NaiveBayes,No FS,UnderSampling,203.0,11.0,299.0,250.0,0.9060528377127395,0.3678742496913061,0.9485981308411215,0.4481236203090508
SYNCOPE,16,93,39,59,RandomForest,No FS,UnderSampling,365.0,46.0,264.0,88.0,0.9013672292245247,0.6435896899597722,0.8880778588807786,0.8057395143487859
SYNCOPE,16,93,39,59,IBK,No FS,UnderSampling,377.0,68.0,242.0,76.0,0.8693726411735384,0.6103885051275868,0.8471910112359551,0.8322295805739515
SYNCOPE,16,93,39,59,NaiveBayes,No FS,OverSampling,186.0,10.0,300.0,267.0,0.8969308552303639,0.33456020100059514,0.9489795918367347,0.4105960264900662
SYNCOPE,16,93,39,59,RandomForest,No FS,OverSampling,349.0,46.0,264.0,104.0,0.8895250302641886,0.6041901547272387,0.8835443037974684,0.7704194260485652
SYNCOPE,16,93,39,59,IBK,No FS,OverSampling,348.0,64.0,246.0,105.0,0.8506551306700847,0.5502732602546708,0.8446601941747572,0.7682119205298014
SYNCOPE,16,93,39,59,NaiveBayes,No FS,Smote,211.0,13.0,297.0,242.0,0.9069144769636117,0.37958974130041745,0.9419642857142857,0.46578366445916114
SYNCOPE,16,93,39,59,RandomForest,No FS,Smote,379.0,54.0,256.0,74.0,0.9032614113793349,0.6557732976173694,0.8752886836027713,0.8366445916114791
SYNCOPE,16,93,39,59,IBK,No FS,Smote,378.0,55.0,255.0,75.0,0.8888236131880652,0.6503947553926406,0.8729792147806005,0.8344370860927153
SYNCOPE,16,93,39,59,NaiveBayes,BF,No Sampling,270.0,10.0,610.0,636.0,0.792725023143203,0.24313691768600718,0.9642857142857143,0.2980132450331126
SYNCOPE,16,93,39,59,RandomForest,BF,No Sampling,373.0,15.0,605.0,533.0,0.8417174036886705,0.34235931764061944,0.961340206185567,0.4116997792494481
SYNCOPE,16,93,39,59,IBK,BF,No Sampling,413.0,24.0,596.0,493.0,0.8354420351776686,0.37264765333888916,0.9450800915331807,0.45584988962472406
SYNCOPE,16,93,39,59,NaiveBayes,BF,UnderSampling,122.0,5.0,305.0,331.0,0.7881613615324361,0.2171443577889201,0.9606299212598425,0.2693156732891832
SYNCOPE,16,93,39,59,RandomForest,BF,UnderSampling,320.0,36.0,274.0,133.0,0.8662714519689525,0.5624925779778848,0.898876404494382,0.7064017660044151
SYNCOPE,16,93,39,59,IBK,BF,UnderSampling,345.0,58.0,252.0,108.0,0.8658869187495549,0.5602305475504324,0.8560794044665012,0.7615894039735099
SYNCOPE,16,93,39,59,NaiveBayes,BF,OverSampling,94.0,3.0,307.0,359.0,0.7881613615324361,0.16747245062814983,0.9690721649484536,0.20750551876379691
SYNCOPE,16,93,39,59,RandomForest,BF,OverSampling,243.0,22.0,288.0,210.0,0.8675532293669443,0.42479463450140376,0.9169811320754717,0.5364238410596026
SYNCOPE,16,93,39,59,IBK,BF,OverSampling,241.0,22.0,288.0,212.0,0.8671971800897245,0.4203746388338797,0.9163498098859315,0.5320088300220751
SYNCOPE,16,93,39,59,NaiveBayes,BF,Smote,159.0,10.0,300.0,294.0,0.8247347432884711,0.2784690424049372,0.9408284023668639,0.3509933774834437
SYNCOPE,16,93,39,59,RandomForest,BF,Smote,345.0,58.0,252.0,108.0,0.8649683116143274,0.5602305475504324,0.8560794044665012,0.7615894039735099
SYNCOPE,16,93,39,59,IBK,BF,Smote,345.0,58.0,252.0,108.0,0.8669550665812148,0.5602305475504324,0.8560794044665012,0.7615894039735099
SYNCOPE,17,93,41,100,NaiveBayes,No FS,No Sampling,194.0,0.0,0.0,569.0,NaN,0.0,1.0,0.254259501965924
SYNCOPE,17,93,41,100,RandomForest,No FS,No Sampling,331.0,0.0,0.0,432.0,NaN,0.0,1.0,0.4338138925294889
SYNCOPE,17,93,41,100,IBK,No FS,No Sampling,336.0,0.0,0.0,427.0,NaN,0.0,1.0,0.44036697247706424
SYNCOPE,17,93,41,100,NaiveBayes,No FS,UnderSampling,227.0,0.0,0.0,536.0,NaN,0.0,1.0,0.29750982961992134
SYNCOPE,17,93,41,100,RandomForest,No FS,UnderSampling,408.0,0.0,0.0,355.0,NaN,0.0,1.0,0.5347313237221494
SYNCOPE,17,93,41,100,IBK,No FS,UnderSampling,448.0,0.0,0.0,315.0,NaN,0.0,1.0,0.5871559633027523
SYNCOPE,17,93,41,100,NaiveBayes,No FS,OverSampling,219.0,0.0,0.0,544.0,NaN,0.0,1.0,0.2870249017038008
SYNCOPE,17,93,41,100,RandomForest,No FS,OverSampling,392.0,0.0,0.0,371.0,NaN,0.0,1.0,0.5137614678899083
SYNCOPE,17,93,41,100,IBK,No FS,OverSampling,413.0,0.0,0.0,350.0,NaN,0.0,1.0,0.5412844036697247
SYNCOPE,17,93,41,100,NaiveBayes,No FS,Smote,237.0,0.0,0.0,526.0,NaN,0.0,1.0,0.3106159895150721
SYNCOPE,17,93,41,100,RandomForest,No FS,Smote,435.0,0.0,0.0,328.0,NaN,0.0,1.0,0.5701179554390564
SYNCOPE,17,93,41,100,IBK,No FS,Smote,446.0,0.0,0.0,317.0,NaN,0.0,1.0,0.5845347313237221
SYNCOPE,17,93,41,100,NaiveBayes,BF,No Sampling,291.0,0.0,0.0,1235.0,NaN,0.0,1.0,0.190694626474443
SYNCOPE,17,93,41,100,RandomForest,BF,No Sampling,428.0,0.0,0.0,1098.0,NaN,0.0,1.0,0.2804718217562254
SYNCOPE,17,93,41,100,IBK,BF,No Sampling,433.0,0.0,0.0,1093.0,NaN,0.0,1.0,0.2837483617300131
SYNCOPE,17,93,41,100,NaiveBayes,BF,UnderSampling,127.0,0.0,0.0,636.0,NaN,0.0,1.0,0.16644823066841416
SYNCOPE,17,93,41,100,RandomForest,BF,UnderSampling,356.0,0.0,0.0,407.0,NaN,0.0,1.0,0.46657929226736566
SYNCOPE,17,93,41,100,IBK,BF,UnderSampling,356.0,0.0,0.0,407.0,NaN,0.0,1.0,0.46657929226736566
SYNCOPE,17,93,41,100,NaiveBayes,BF,OverSampling,97.0,0.0,0.0,666.0,NaN,0.0,1.0,0.127129750982962
SYNCOPE,17,93,41,100,RandomForest,BF,OverSampling,311.0,0.0,0.0,452.0,NaN,0.0,1.0,0.4076015727391874
SYNCOPE,17,93,41,100,IBK,BF,OverSampling,311.0,0.0,0.0,452.0,NaN,0.0,1.0,0.4076015727391874
SYNCOPE,17,93,41,100,NaiveBayes,BF,Smote,196.0,0.0,0.0,567.0,NaN,0.0,1.0,0.25688073394495414
SYNCOPE,17,93,41,100,RandomForest,BF,Smote,477.0,0.0,0.0,286.0,NaN,0.0,1.0,0.6251638269986893
SYNCOPE,17,93,41,100,IBK,BF,Smote,477.0,0.0,0.0,286.0,NaN,0.0,1.0,0.6251638269986893
SYNCOPE,18,93,45,1,NaiveBayes,No FS,No Sampling,7.0,200.0,662.0,4.0,0.7568023623708079,0.04127906976744214,0.033816425120772944,0.6363636363636364
SYNCOPE,18,93,45,1,RandomForest,No FS,No Sampling,9.0,356.0,506.0,2.0,0.6738029951487028,0.023996152621027073,0.024657534246575342,0.8181818181818182
SYNCOPE,18,93,45,1,IBK,No FS,No Sampling,8.0,500.0,362.0,3.0,0.566230753005695,0.006318014260790065,0.015748031496062992,0.7272727272727273
SYNCOPE,18,93,45,1,NaiveBayes,No FS,UnderSampling,8.0,217.0,645.0,3.0,0.7539548618434929,0.044848267836361956,0.035555555555555556,0.7272727272727273
SYNCOPE,18,93,45,1,RandomForest,No FS,UnderSampling,9.0,410.0,452.0,2.0,0.6728538283062645,0.017740296909649136,0.021479713603818614,0.8181818181818182
SYNCOPE,18,93,45,1,IBK,No FS,UnderSampling,8.0,553.0,309.0,3.0,0.5566336215988188,0.0033387130554768008,0.0142602495543672,0.7272727272727273
SYNCOPE,18,93,45,1,NaiveBayes,No FS,OverSampling,6.0,210.0,652.0,5.0,0.737924488504535,0.029593783444232614,0.027777777777777776,0.5454545454545454
SYNCOPE,18,93,45,1,RandomForest,No FS,OverSampling,9.0,397.0,465.0,2.0,0.6294030795190888,0.01909836134820579,0.022167487684729065,0.8181818181818182
SYNCOPE,18,93,45,1,IBK,No FS,OverSampling,8.0,493.0,369.0,3.0,0.5118118540392322,0.006757593691077538,0.015968063872255488,0.7272727272727273
SYNCOPE,18,93,45,1,NaiveBayes,No FS,Smote,8.0,248.0,614.0,3.0,0.7573296772832736,0.036648363001684024,0.03125,0.7272727272727273
SYNCOPE,18,93,45,1,RandomForest,No FS,Smote,10.0,577.0,285.0,1.0,0.6800253111157983,0.008928781867462845,0.017035775127768313,0.9090909090909091
SYNCOPE,18,93,45,1,IBK,No FS,Smote,9.0,633.0,229.0,2.0,0.5340118118540392,0.0028599951434044118,0.014018691588785047,0.8181818181818182
SYNCOPE,18,93,45,1,NaiveBayes,BF,No Sampling,12.0,319.0,1405.0,10.0,0.7463483442311749,0.04543233838617158,0.03625377643504532,0.5454545454545454
SYNCOPE,18,93,45,1,RandomForest,BF,No Sampling,14.0,475.0,1249.0,8.0,0.7025284750052732,0.03143713606450039,0.028629856850715747,0.6363636363636364
SYNCOPE,18,93,45,1,IBK,BF,No Sampling,13.0,619.0,1105.0,9.0,0.6465012655557899,0.01578707377234579,0.020569620253164556,0.5909090909090909
SYNCOPE,18,93,45,1,NaiveBayes,BF,UnderSampling,5.0,142.0,720.0,6.0,0.7727800042185193,0.040801781737194204,0.034013605442176874,0.45454545454545453
SYNCOPE,18,93,45,1,RandomForest,BF,UnderSampling,10.0,350.0,512.0,1.0,0.7937671377346551,0.030193408721907202,0.027777777777777776,0.9090909090909091
SYNCOPE,18,93,45,1,IBK,BF,UnderSampling,10.0,350.0,512.0,1.0,0.7787913942206286,0.030193408721907202,0.027777777777777776,0.9090909090909091
SYNCOPE,18,93,45,1,NaiveBayes,BF,OverSampling,5.0,119.0,743.0,6.0,0.7727800042185193,0.052133730575798516,0.04032258064516129,0.45454545454545453
SYNCOPE,18,93,45,1,RandomForest,BF,OverSampling,10.0,350.0,512.0,1.0,0.7666631512339169,0.030193408721907202,0.027777777777777776,0.9090909090909091
SYNCOPE,18,93,45,1,IBK,BF,OverSampling,9.0,345.0,517.0,2.0,0.7624446319341911,0.02549725436454692,0.025423728813559324,0.8181818181818182
SYNCOPE,18,93,45,1,NaiveBayes,BF,Smote,7.0,217.0,645.0,4.0,0.7730963931659988,0.03642865347830203,0.03125,0.6363636363636364
SYNCOPE,18,93,45,1,RandomForest,BF,Smote,10.0,544.0,318.0,1.0,0.7861738029951487,0.010959200261091689,0.018050541516245487,0.9090909090909091
SYNCOPE,18,93,45,1,IBK,BF,Smote,10.0,544.0,318.0,1.0,0.7737291710609576,0.010959200261091689,0.018050541516245487,0.9090909090909091
SYNCOPE,19,93,41,3,NaiveBayes,No FS,No Sampling,21.0,178.0,680.0,14.0,0.7812520812520812,0.12088272693711803,0.10552763819095477,0.6
SYNCOPE,19,93,41,3,RandomForest,No FS,No Sampling,21.0,286.0,572.0,14.0,0.7223443223443223,0.0564110511559759,0.06840390879478828,0.6
SYNCOPE,19,93,41,3,IBK,No FS,No Sampling,21.0,296.0,562.0,14.0,0.6159174159174159,0.052425841873583616,0.06624605678233439,0.6
SYNCOPE,19,93,41,3,NaiveBayes,No FS,UnderSampling,24.0,208.0,650.0,11.0,0.7861638361638361,0.11982483538937204,0.10344827586206896,0.6857142857142857
SYNCOPE,19,93,41,3,RandomForest,No FS,UnderSampling,24.0,368.0,490.0,11.0,0.7341991341991342,0.04358650468673608,0.061224489795918366,0.6857142857142857
SYNCOPE,19,93,41,3,IBK,No FS,UnderSampling,22.0,365.0,493.0,13.0,0.6312687312687313,0.03488717849014757,0.056847545219638244,0.6285714285714286
SYNCOPE,19,93,41,3,NaiveBayes,No FS,OverSampling,23.0,197.0,661.0,12.0,0.7843489843489844,0.12094293855827412,0.10454545454545454,0.6571428571428571
SYNCOPE,19,93,41,3,RandomForest,No FS,OverSampling,28.0,362.0,496.0,7.0,0.7201798201798202,0.06447015402086738,0.07179487179487179,0.8
SYNCOPE,19,93,41,3,IBK,No FS,OverSampling,23.0,362.0,496.0,12.0,0.6308191808191809,0.04058487259774217,0.05974025974025974,0.6571428571428571
SYNCOPE,19,93,41,3,NaiveBayes,No FS,Smote,24.0,221.0,637.0,11.0,0.7758741258741259,0.11041264116106307,0.09795918367346938,0.6857142857142857
SYNCOPE,19,93,41,3,RandomForest,No FS,Smote,25.0,391.0,467.0,10.0,0.7168831168831169,0.04156596355149461,0.06009615384615385,0.7142857142857143
SYNCOPE,19,93,41,3,IBK,No FS,Smote,23.0,399.0,459.0,12.0,0.618981018981019,0.030478575447549977,0.054502369668246446,0.6571428571428571
SYNCOPE,19,93,41,3,NaiveBayes,BF,No Sampling,36.0,258.0,1458.0,34.0,0.7666000666000666,0.14357970519456675,0.12244897959183673,0.5142857142857142
SYNCOPE,19,93,41,3,RandomForest,BF,No Sampling,36.0,366.0,1350.0,34.0,0.7502955377955378,0.09191673700159635,0.08955223880597014,0.5142857142857142
SYNCOPE,19,93,41,3,IBK,BF,No Sampling,36.0,376.0,1340.0,34.0,0.6879329004329005,0.08828993042586146,0.08737864077669903,0.5142857142857142
SYNCOPE,19,93,41,3,NaiveBayes,BF,UnderSampling,18.0,106.0,752.0,17.0,0.7844655344655345,0.17604476884184672,0.14516129032258066,0.5142857142857142
SYNCOPE,19,93,41,3,RandomForest,BF,UnderSampling,29.0,332.0,526.0,6.0,0.8153846153846154,0.08077768776761933,0.08033240997229917,0.8285714285714286
SYNCOPE,19,93,41,3,IBK,BF,UnderSampling,29.0,332.0,526.0,6.0,0.8121711621711621,0.08077768776761933,0.08033240997229917,0.8285714285714286
SYNCOPE,19,93,41,3,NaiveBayes,BF,OverSampling,15.0,80.0,778.0,20.0,0.7844655344655345,0.18402777777777818,0.15789473684210525,0.42857142857142855
SYNCOPE,19,93,41,3,RandomForest,BF,OverSampling,28.0,320.0,538.0,7.0,0.803912753912754,0.08074066845264874,0.08045977011494253,0.8
SYNCOPE,19,93,41,3,IBK,BF,OverSampling,24.0,294.0,564.0,11.0,0.7688644688644689,0.07032825998655154,0.07547169811320754,0.6857142857142857
SYNCOPE,19,93,41,3,NaiveBayes,BF,Smote,24.0,169.0,689.0,11.0,0.7852980352980353,0.15441834040001223,0.12435233160621761,0.6857142857142857
SYNCOPE,19,93,41,3,RandomForest,BF,Smote,32.0,523.0,335.0,3.0,0.8085248085248086,0.037502561370435596,0.05765765765765766,0.9142857142857143
SYNCOPE,19,93,41,3,IBK,BF,Smote,32.0,523.0,335.0,3.0,0.8070263070263071,0.037502561370435596,0.05765765765765766,0.9142857142857143
SYNCOPE,20,93,39,12,NaiveBayes,No FS,No Sampling,43.0,148.0,635.0,73.0,0.6053639846743295,0.1424458630617099,0.225130890052356,0.3706896551724138
SYNCOPE,20,93,39,12,RandomForest,No FS,No Sampling,41.0,238.0,545.0,75.0,0.5560950367728014,0.030959752321981546,0.14695340501792115,0.35344827586206895
SYNCOPE,20,93,39,12,IBK,No FS,No Sampling,46.0,280.0,503.0,70.0,0.5125787202184349,0.02199387056066355,0.1411042944785276,0.39655172413793105
SYNCOPE,20,93,39,12,NaiveBayes,No FS,UnderSampling,44.0,163.0,620.0,72.0,0.6030574272250848,0.12827569702046193,0.21256038647342995,0.3793103448275862
SYNCOPE,20,93,39,12,RandomForest,No FS,UnderSampling,53.0,337.0,446.0,63.0,0.5279319152684194,0.013210249880630359,0.1358974358974359,0.45689655172413796
SYNCOPE,20,93,39,12,IBK,No FS,UnderSampling,56.0,358.0,425.0,60.0,0.4993834500374334,0.012196981247141397,0.13526570048309178,0.4827586206896552
SYNCOPE,20,93,39,12,NaiveBayes,No FS,OverSampling,48.0,171.0,612.0,68.0,0.608672435812745,0.14178153596663975,0.2191780821917808,0.41379310344827586
SYNCOPE,20,93,39,12,RandomForest,No FS,OverSampling,54.0,331.0,452.0,62.0,0.5580547848681023,0.02152437555216468,0.14025974025974025,0.46551724137931033
SYNCOPE,20,93,39,12,IBK,No FS,OverSampling,53.0,349.0,434.0,63.0,0.5148137138327388,0.00545086435134714,0.1318407960199005,0.45689655172413796
SYNCOPE,20,93,39,12,NaiveBayes,No FS,Smote,48.0,186.0,597.0,68.0,0.5982736601048135,0.12296725328580997,0.20512820512820512,0.41379310344827586
SYNCOPE,20,93,39,12,RandomForest,No FS,Smote,51.0,356.0,427.0,65.0,0.5377086361034042,-0.007254765763679944,0.12530712530712532,0.4396551724137931
SYNCOPE,20,93,39,12,IBK,No FS,Smote,56.0,374.0,409.0,60.0,0.5096335931651033,0.0023728310840873054,0.13023255813953488,0.4827586206896552
SYNCOPE,20,93,39,12,NaiveBayes,BF,No Sampling,70.0,216.0,1350.0,162.0,0.6087302373717356,0.1490196078431371,0.24475524475524477,0.3017241379310345
SYNCOPE,20,93,39,12,RandomForest,BF,No Sampling,68.0,306.0,1260.0,164.0,0.5683352050028625,0.07749778396859554,0.18181818181818182,0.29310344827586204
SYNCOPE,20,93,39,12,IBK,BF,No Sampling,73.0,348.0,1218.0,159.0,0.5478005130576474,0.06862222222222229,0.17339667458432304,0.3146551724137931
SYNCOPE,20,93,39,12,NaiveBayes,BF,UnderSampling,32.0,92.0,691.0,84.0,0.6240146210419695,0.15384615384615385,0.25806451612903225,0.27586206896551724
SYNCOPE,20,93,39,12,RandomForest,BF,UnderSampling,69.0,292.0,491.0,47.0,0.6518364381027877,0.11681653920497514,0.19113573407202217,0.5948275862068966
SYNCOPE,20,93,39,12,IBK,BF,UnderSampling,69.0,292.0,491.0,47.0,0.6505703087153741,0.11681653920497514,0.19113573407202217,0.5948275862068966
SYNCOPE,20,93,39,12,NaiveBayes,BF,OverSampling,27.0,68.0,715.0,89.0,0.6240146210419695,0.15810413423283168,0.28421052631578947,0.23275862068965517
SYNCOPE,20,93,39,12,RandomForest,BF,OverSampling,61.0,227.0,556.0,55.0,0.6517153300744264,0.1446183953033268,0.21180555555555555,0.5258620689655172
SYNCOPE,20,93,39,12,IBK,BF,OverSampling,64.0,276.0,507.0,52.0,0.6472178182939182,0.10932025227750518,0.18823529411764706,0.5517241379310345
SYNCOPE,20,93,39,12,NaiveBayes,BF,Smote,41.0,152.0,631.0,75.0,0.6237448804333465,0.12420659614187934,0.21243523316062177,0.35344827586206895
SYNCOPE,20,93,39,12,RandomForest,BF,Smote,82.0,394.0,389.0,34.0,0.651583212225305,0.08773377337733775,0.1722689075630252,0.7068965517241379
SYNCOPE,20,93,39,12,IBK,BF,Smote,82.0,394.0,389.0,34.0,0.6524584929757343,0.08773377337733775,0.1722689075630252,0.7068965517241379
SYNCOPE,21,94,37,98,NaiveBayes,No FS,No Sampling,181.0,0.0,15.0,704.0,0.8708851224105462,0.008497253650063352,1.0,0.20451977401129945
SYNCOPE,21,94,37,98,RandomForest,No FS,No Sampling,206.0,0.0,15.0,679.0,0.7713747645951036,0.01001166407465007,1.0,0.2327683615819209
SYNCOPE,21,94,37,98,IBK,No FS,No Sampling,297.0,0.0,15.0,588.0,0.8777777777777778,0.016557952834922243,1.0,0.33559322033898303
SYNCOPE,21,94,37,98,NaiveBayes,No FS,UnderSampling,231.0,0.0,15.0,654.0,0.8759322033898305,0.0116366933655735,1.0,0.26101694915254237
SYNCOPE,21,94,37,98,RandomForest,No FS,UnderSampling,401.0,0.0,15.0,484.0,0.7457627118644068,0.026874874338181066,1.0,0.45310734463276836
SYNCOPE,21,94,37,98,IBK,No FS,UnderSampling,417.0,0.0,15.0,468.0,0.8854990583804143,0.02884415853911597,1.0,0.4711864406779661
SYNCOPE,21,94,37,98,NaiveBayes,No FS,OverSampling,204.0,0.0,15.0,681.0,0.864406779661017,0.00988659494038966,1.0,0.2305084745762712
SYNCOPE,21,94,37,98,RandomForest,No FS,OverSampling,383.0,0.0,15.0,502.0,0.7128436911487759,0.024800880657903264,1.0,0.4327683615819209
SYNCOPE,21,94,37,98,IBK,No FS,OverSampling,386.0,0.0,15.0,499.0,0.8563088512241055,0.025136754363115313,1.0,0.43615819209039547
SYNCOPE,21,94,37,98,NaiveBayes,No FS,Smote,224.0,0.0,15.0,661.0,0.88,0.011169841428144018,1.0,0.25310734463276835
SYNCOPE,21,94,37,98,RandomForest,No FS,Smote,400.0,0.0,15.0,485.0,0.7954802259887006,0.026755852842809402,1.0,0.4519774011299435
SYNCOPE,21,94,37,98,IBK,No FS,Smote,417.0,0.0,15.0,468.0,0.8777777777777778,0.02884415853911597,1.0,0.4711864406779661
SYNCOPE,21,94,37,98,NaiveBayes,BF,No Sampling,383.0,0.0,30.0,1387.0,0.876045197740113,0.009120567713666566,1.0,0.21638418079096045
SYNCOPE,21,94,37,98,RandomForest,BF,No Sampling,408.0,0.0,30.0,1362.0,0.841864406779661,0.00988659494038966,1.0,0.2305084745762712
SYNCOPE,21,94,37,98,IBK,BF,No Sampling,499.0,0.0,30.0,1271.0,0.8823446327683616,0.012917756089984175,1.0,0.28192090395480224
SYNCOPE,21,94,37,98,NaiveBayes,BF,UnderSampling,415.0,1.0,14.0,470.0,0.9187193973634652,0.024575452160706897,0.9975961538461539,0.4689265536723164
SYNCOPE,21,94,37,98,RandomForest,BF,UnderSampling,385.0,1.0,14.0,500.0,0.824331450094162,0.021229486845532684,0.9974093264248705,0.4350282485875706
SYNCOPE,21,94,37,98,IBK,BF,UnderSampling,415.0,0.0,15.0,470.0,0.8551035781544256,0.02859111264209438,1.0,0.4689265536723164
SYNCOPE,21,94,37,98,NaiveBayes,BF,OverSampling,181.0,0.0,15.0,704.0,0.9186817325800377,0.008497253650063352,1.0,0.20451977401129945
SYNCOPE,21,94,37,98,RandomForest,BF,OverSampling,162.0,0.0,15.0,723.0,0.8248587570621468,0.007413509060955491,1.0,0.18305084745762712
SYNCOPE,21,94,37,98,IBK,BF,OverSampling,266.0,0.0,15.0,619.0,0.7931450094161958,0.0141218942450627,1.0,0.30056497175141245
SYNCOPE,21,94,37,98,NaiveBayes,BF,Smote,476.0,1.0,14.0,409.0,0.9186817325800377,0.03279075253597531,0.9979035639412998,0.5378531073446328
SYNCOPE,21,94,37,98,RandomForest,BF,Smote,347.0,1.0,14.0,538.0,0.8119774011299435,0.017499088589135965,0.9971264367816092,0.392090395480226
SYNCOPE,21,94,37,98,IBK,BF,Smote,406.0,0.0,15.0,479.0,0.8430885122410546,0.027476989713048246,1.0,0.45875706214689266
SYNCOPE,22,94,41,98,NaiveBayes,No FS,No Sampling,188.0,0.0,15.0,699.0,0.9143179255918827,0.008866000773417104,1.0,0.21195039458850057
SYNCOPE,22,94,41,98,RandomForest,No FS,No Sampling,293.0,0.0,15.0,594.0,0.9685080796692973,0.016140938488150514,1.0,0.33032694475760993
SYNCOPE,22,94,41,98,IBK,No FS,No Sampling,367.0,0.0,15.0,520.0,1.0,0.02293511092594521,1.0,0.4137542277339346
SYNCOPE,22,94,41,98,NaiveBayes,No FS,UnderSampling,216.0,0.0,15.0,671.0,0.9077790304396843,0.010593047168485024,1.0,0.24351747463359638
SYNCOPE,22,94,41,98,RandomForest,No FS,UnderSampling,419.0,0.0,15.0,468.0,0.9461856444945509,0.028916095015941813,1.0,0.47237880496054113
SYNCOPE,22,94,41,98,IBK,No FS,UnderSampling,480.0,0.0,15.0,407.0,1.0,0.03774435538407521,1.0,0.5411499436302142
SYNCOPE,22,94,41,98,NaiveBayes,No FS,OverSampling,222.0,0.0,15.0,665.0,0.9146937241638482,0.010981219805767604,1.0,0.2502818489289741
SYNCOPE,22,94,41,98,RandomForest,No FS,OverSampling,414.0,0.0,15.0,473.0,0.9211574596016535,0.028287318990766756,1.0,0.46674182638105977
SYNCOPE,22,94,41,98,IBK,No FS,OverSampling,485.0,0.0,15.0,402.0,0.9795189778278842,0.038578405638015206,1.0,0.5467869222096956
SYNCOPE,22,94,41,98,NaiveBayes,No FS,Smote,244.0,0.0,15.0,643.0,0.9279969936114243,0.012463690137679437,1.0,0.2750845546786922
SYNCOPE,22,94,41,98,RandomForest,No FS,Smote,470.0,0.0,15.0,417.0,0.9543780533633972,0.036132166853734056,1.0,0.5298759864712514
SYNCOPE,22,94,41,98,IBK,No FS,Smote,478.0,0.0,15.0,409.0,1.0,0.037416048719139575,1.0,0.5388951521984217
SYNCOPE,22,94,41,98,NaiveBayes,BF,No Sampling,283.0,0.0,30.0,1491.0,0.7193818113491168,0.006273219779927449,1.0,0.15952649379932357
SYNCOPE,22,94,41,98,RandomForest,BF,No Sampling,388.0,0.0,30.0,1386.0,0.8358229988726043,0.009224829055358496,1.0,0.21871476888387825
SYNCOPE,22,94,41,98,IBK,BF,No Sampling,462.0,0.0,30.0,1312.0,0.8148534385569335,0.011576200801146545,1.0,0.26042841037204056
SYNCOPE,22,94,41,98,NaiveBayes,BF,UnderSampling,124.0,0.0,15.0,763.0,0.6764750093949643,0.005376142068889782,1.0,0.13979706877113868
SYNCOPE,22,94,41,98,RandomForest,BF,UnderSampling,358.0,3.0,12.0,529.0,0.5932732055618188,0.011164642414101492,0.9916897506925207,0.4036076662908681
SYNCOPE,22,94,41,98,IBK,BF,UnderSampling,358.0,3.0,12.0,529.0,0.590717775272454,0.011164642414101492,0.9916897506925207,0.4036076662908681
SYNCOPE,22,94,41,98,NaiveBayes,BF,OverSampling,95.0,0.0,15.0,792.0,0.6764750093949643,0.0039735985745237914,1.0,0.10710259301014656
SYNCOPE,22,94,41,98,RandomForest,BF,OverSampling,287.0,1.0,14.0,600.0,0.5936490041337843,0.012453136784117684,0.9965277777777778,0.32356257046223225
SYNCOPE,22,94,41,98,IBK,BF,OverSampling,294.0,2.0,13.0,593.0,0.5831266441187524,0.009727619279580471,0.9932432432432432,0.3314543404735062
SYNCOPE,22,94,41,98,NaiveBayes,BF,Smote,192.0,1.0,14.0,695.0,0.6764750093949643,0.006309178223996416,0.9948186528497409,0.21645997745208567
SYNCOPE,22,94,41,98,RandomForest,BF,Smote,546.0,8.0,7.0,341.0,0.5908680947012401,0.006902513044740071,0.9855595667870036,0.6155580608793687
SYNCOPE,22,94,41,98,IBK,BF,Smote,546.0,8.0,7.0,341.0,0.5919954904171364,0.006902513044740071,0.9855595667870036,0.6155580608793687
SYNCOPE,23,94,44,99,NaiveBayes,No FS,No Sampling,200.0,0.0,5.0,697.0,0.9973244147157191,0.0031711099201831667,1.0,0.2229654403567447
SYNCOPE,23,94,44,99,RandomForest,No FS,No Sampling,352.0,0.0,5.0,545.0,0.993088071348941,0.007109531215285569,1.0,0.39241917502787066
SYNCOPE,23,94,44,99,IBK,No FS,No Sampling,386.0,0.0,5.0,511.0,0.9955406911928651,0.008304968781062941,1.0,0.43032329988851725
SYNCOPE,23,94,44,99,NaiveBayes,No FS,UnderSampling,223.0,0.0,5.0,674.0,0.9973244147157191,0.0036546712598618195,1.0,0.24860646599777034
SYNCOPE,23,94,44,99,RandomForest,No FS,UnderSampling,467.0,0.0,5.0,430.0,0.9908584169453735,0.011897179833388562,1.0,0.5206243032329989
SYNCOPE,23,94,44,99,IBK,No FS,UnderSampling,554.0,0.0,5.0,343.0,0.9923076923076923,0.017591434178187933,1.0,0.6176142697881828
SYNCOPE,23,94,44,99,NaiveBayes,No FS,OverSampling,222.0,0.0,5.0,675.0,0.9897435897435898,0.0036329716726397803,1.0,0.24749163879598662
SYNCOPE,23,94,44,99,RandomForest,No FS,OverSampling,451.0,0.0,5.0,446.0,0.9872909698996656,0.011086474501108556,1.0,0.5027870680044593
SYNCOPE,23,94,44,99,IBK,No FS,OverSampling,501.0,0.0,5.0,396.0,0.9875139353400223,0.013832060562890361,1.0,0.5585284280936454
SYNCOPE,23,94,44,99,NaiveBayes,No FS,Smote,261.0,0.0,5.0,636.0,0.9973244147157191,0.004529032661093011,1.0,0.2909698996655518
SYNCOPE,23,94,44,99,RandomForest,No FS,Smote,563.0,0.0,5.0,334.0,0.9884057971014493,0.018344857248988378,1.0,0.6276477146042363
SYNCOPE,23,94,44,99,IBK,No FS,Smote,542.0,0.0,5.0,355.0,0.9955406911928651,0.01664465804747733,1.0,0.6042363433667781
SYNCOPE,23,94,44,99,NaiveBayes,BF,No Sampling,294.0,0.0,10.0,1500.0,0.7625975473801561,0.002168237532634193,1.0,0.16387959866220736
SYNCOPE,23,94,44,99,RandomForest,BF,No Sampling,446.0,0.0,10.0,1348.0,0.8944816053511706,0.0036546712598618195,1.0,0.24860646599777034
SYNCOPE,23,94,44,99,IBK,BF,No Sampling,480.0,0.0,10.0,1314.0,0.8893534002229655,0.004033518539059605,1.0,0.26755852842809363
SYNCOPE,23,94,44,99,NaiveBayes,BF,UnderSampling,147.0,0.0,5.0,750.0,0.7625418060200669,0.002168237532634193,1.0,0.16387959866220736
SYNCOPE,23,94,44,99,RandomForest,BF,UnderSampling,361.0,0.0,5.0,536.0,0.5923076923076923,0.007411483076771498,1.0,0.40245261984392416
SYNCOPE,23,94,44,99,IBK,BF,UnderSampling,361.0,0.0,5.0,536.0,0.5923076923076923,0.007411483076771498,1.0,0.40245261984392416
SYNCOPE,23,94,44,99,NaiveBayes,BF,OverSampling,94.0,0.0,5.0,803.0,0.7625418060200669,0.0012961119399486592,1.0,0.10479375696767002
SYNCOPE,23,94,44,99,RandomForest,BF,OverSampling,348.0,0.0,5.0,549.0,0.5923076923076923,0.006978451024508808,1.0,0.3879598662207358
SYNCOPE,23,94,44,99,IBK,BF,OverSampling,361.0,0.0,5.0,536.0,0.5923076923076923,0.007411483076771498,1.0,0.40245261984392416
SYNCOPE,23,94,44,99,NaiveBayes,BF,Smote,314.0,0.0,5.0,583.0,0.7625418060200669,0.005935660465098696,1.0,0.3500557413600892
SYNCOPE,23,94,44,99,RandomForest,BF,Smote,552.0,2.0,3.0,345.0,0.5923076923076923,0.006134774518458439,0.9963898916967509,0.6153846153846154
SYNCOPE,23,94,44,99,IBK,BF,Smote,670.0,5.0,0.0,227.0,0.5923076923076923,-0.010966501444486314,0.9925925925925926,0.7469342251950948
SYNCOPE,24,94,47,99,NaiveBayes,No FS,No Sampling,214.0,0.0,4.0,684.0,0.9983296213808464,0.002767181741772821,1.0,0.2383073496659243
SYNCOPE,24,94,47,99,RandomForest,No FS,No Sampling,411.0,0.0,4.0,487.0,0.9972160356347439,0.007429467509637086,1.0,0.4576837416481069
SYNCOPE,24,94,47,99,IBK,No FS,No Sampling,630.0,0.0,4.0,268.0,0.9994432071269488,0.020423379907284187,1.0,0.7015590200445434
SYNCOPE,24,94,47,99,NaiveBayes,No FS,UnderSampling,226.0,0.0,4.0,672.0,0.9983296213808464,0.002973918993604807,1.0,0.2516703786191537
SYNCOPE,24,94,47,99,RandomForest,No FS,UnderSampling,495.0,0.0,4.0,403.0,0.9988864142538976,0.010776507214272804,1.0,0.5512249443207127
SYNCOPE,24,94,47,99,IBK,No FS,UnderSampling,652.0,0.0,4.0,246.0,0.999304008908686,0.022967046515314327,1.0,0.7260579064587973
SYNCOPE,24,94,47,99,NaiveBayes,No FS,OverSampling,216.0,0.0,4.0,682.0,0.9980512249443207,0.002801138610972431,1.0,0.24053452115812918
SYNCOPE,24,94,47,99,RandomForest,No FS,OverSampling,502.0,0.0,4.0,396.0,0.9955456570155902,0.01111824765785931,1.0,0.5590200445434298
SYNCOPE,24,94,47,99,IBK,No FS,OverSampling,555.0,0.0,4.0,343.0,0.9979120267260579,0.01414796734496194,1.0,0.6180400890868597
SYNCOPE,24,94,47,99,NaiveBayes,No FS,Smote,283.0,0.0,4.0,615.0,0.9983296213808464,0.00406467574156993,1.0,0.3151447661469933
SYNCOPE,24,94,47,99,RandomForest,No FS,Smote,704.0,0.0,4.0,194.0,0.9966592427616926,0.031181485992691778,1.0,0.7839643652561247
SYNCOPE,24,94,47,99,IBK,No FS,Smote,748.0,0.0,4.0,150.0,0.9994432071269488,0.04235440672687629,1.0,0.8329621380846325
SYNCOPE,24,94,47,99,NaiveBayes,BF,No Sampling,337.0,0.0,8.0,1459.0,0.7594306792873051,0.0020444159992235055,1.0,0.1876391982182628
SYNCOPE,24,94,47,99,RandomForest,BF,No Sampling,534.0,0.0,8.0,1262.0,0.8934089643652561,0.003738854328213979,1.0,0.2973273942093541
SYNCOPE,24,94,47,99,IBK,BF,No Sampling,753.0,0.0,8.0,1043.0,0.8847786748329621,0.006362416957995773,1.0,0.4192650334075724
SYNCOPE,24,94,47,99,NaiveBayes,BF,UnderSampling,147.0,0.0,4.0,751.0,0.7395601336302895,0.0017330358484949587,1.0,0.16369710467706014
SYNCOPE,24,94,47,99,RandomForest,BF,UnderSampling,361.0,0.0,4.0,537.0,0.5697383073496659,0.005926996154019851,1.0,0.40200445434298443
SYNCOPE,24,94,47,99,IBK,BF,UnderSampling,361.0,0.0,4.0,537.0,0.5697383073496659,0.005926996154019851,1.0,0.40200445434298443
SYNCOPE,24,94,47,99,NaiveBayes,BF,OverSampling,123.0,0.0,4.0,775.0,0.7395601336302895,0.001405646011479466,1.0,0.13697104677060135
SYNCOPE,24,94,47,99,RandomForest,BF,OverSampling,361.0,0.0,4.0,537.0,0.5697383073496659,0.005926996154019851,1.0,0.40200445434298443
SYNCOPE,24,94,47,99,IBK,BF,OverSampling,347.0,0.0,4.0,551.0,0.5694599109131403,0.0055544661829852555,1.0,0.38641425389755013
SYNCOPE,24,94,47,99,NaiveBayes,BF,Smote,898.0,4.0,0.0,0.0,0.7395601336302895,0.0,0.9955654101995566,1.0
SYNCOPE,24,94,47,99,RandomForest,BF,Smote,671.0,4.0,0.0,227.0,0.5697383073496659,-0.00879223030220862,0.9940740740740741,0.7472160356347439
SYNCOPE,24,94,47,99,IBK,BF,Smote,774.0,4.0,0.0,124.0,0.5697383073496659,-0.00866648029074656,0.9948586118251928,0.8619153674832962
